{
    "name": "root",
    "gauges": {
        "RocketCapabilities.Policy.Entropy.mean": {
            "value": 0.5576732158660889,
            "min": 0.5299398303031921,
            "max": 0.5963927507400513,
            "count": 25
        },
        "RocketCapabilities.Policy.Entropy.sum": {
            "value": 11262.7685546875,
            "min": 10839.6796875,
            "max": 11887.162109375,
            "count": 25
        },
        "RocketCapabilities.Step.mean": {
            "value": 499988.0,
            "min": 19999.0,
            "max": 499988.0,
            "count": 25
        },
        "RocketCapabilities.Step.sum": {
            "value": 499988.0,
            "min": 19999.0,
            "max": 499988.0,
            "count": 25
        },
        "RocketCapabilities.Policy.ExtrinsicValueEstimate.mean": {
            "value": 1.7206816673278809,
            "min": 0.47836917638778687,
            "max": 1.7206816673278809,
            "count": 25
        },
        "RocketCapabilities.Policy.ExtrinsicValueEstimate.sum": {
            "value": 597.0765380859375,
            "min": 156.90509033203125,
            "max": 597.0765380859375,
            "count": 25
        },
        "RocketCapabilities.Policy.GailValueEstimate.mean": {
            "value": 21.33246421813965,
            "min": 21.33246421813965,
            "max": 25.39738655090332,
            "count": 25
        },
        "RocketCapabilities.Policy.GailValueEstimate.sum": {
            "value": 7402.365234375,
            "min": 7402.365234375,
            "max": 8330.3427734375,
            "count": 25
        },
        "RocketCapabilities.Environment.EpisodeLength.mean": {
            "value": 357.38235294117646,
            "min": 176.08620689655172,
            "max": 513.58,
            "count": 25
        },
        "RocketCapabilities.Environment.EpisodeLength.sum": {
            "value": 24302.0,
            "min": 10213.0,
            "max": 27742.0,
            "count": 25
        },
        "RocketCapabilities.Environment.CumulativeReward.mean": {
            "value": 3.7914913713603333,
            "min": 1.2555250854910178,
            "max": 6.450556807155753,
            "count": 25
        },
        "RocketCapabilities.Environment.CumulativeReward.sum": {
            "value": 257.8214132525027,
            "min": 55.5810242285952,
            "max": 374.1322948150337,
            "count": 25
        },
        "RocketCapabilities.Policy.ExtrinsicReward.mean": {
            "value": 3.7914913713603333,
            "min": 1.2555250854910178,
            "max": 6.450556807155753,
            "count": 25
        },
        "RocketCapabilities.Policy.ExtrinsicReward.sum": {
            "value": 257.8214132525027,
            "min": 55.5810242285952,
            "max": 374.1322948150337,
            "count": 25
        },
        "RocketCapabilities.Policy.GailReward.mean": {
            "value": 115.22605178286048,
            "min": 68.24861862793051,
            "max": 167.43033334187098,
            "count": 25
        },
        "RocketCapabilities.Policy.GailReward.sum": {
            "value": 7835.371521234512,
            "min": 3958.4198804199696,
            "max": 9263.399634689093,
            "count": 25
        },
        "RocketCapabilities.Losses.PolicyLoss.mean": {
            "value": 0.02369421968081345,
            "min": 0.020227442930142087,
            "max": 0.03238098281435668,
            "count": 25
        },
        "RocketCapabilities.Losses.PolicyLoss.sum": {
            "value": 0.0473884393616269,
            "min": 0.023197500904401144,
            "max": 0.06476196562871336,
            "count": 25
        },
        "RocketCapabilities.Losses.ValueLoss.mean": {
            "value": 1.8627783040205639,
            "min": 1.2835123717784882,
            "max": 2.5597683668136595,
            "count": 25
        },
        "RocketCapabilities.Losses.ValueLoss.sum": {
            "value": 3.7255566080411278,
            "min": 1.2976154843966166,
            "max": 4.649843430519104,
            "count": 25
        },
        "RocketCapabilities.Policy.LearningRate.mean": {
            "value": 6.757597747500004e-06,
            "min": 6.757597747500004e-06,
            "max": 0.0002937942020685999,
            "count": 25
        },
        "RocketCapabilities.Policy.LearningRate.sum": {
            "value": 1.3515195495000009e-05,
            "min": 1.3515195495000009e-05,
            "max": 0.0005689776103408001,
            "count": 25
        },
        "RocketCapabilities.Policy.Epsilon.mean": {
            "value": 0.10225249999999997,
            "min": 0.10225249999999997,
            "max": 0.19793139999999998,
            "count": 25
        },
        "RocketCapabilities.Policy.Epsilon.sum": {
            "value": 0.20450499999999994,
            "min": 0.13001439999999997,
            "max": 0.38965919999999993,
            "count": 25
        },
        "RocketCapabilities.Policy.Beta.mean": {
            "value": 0.00012239975000000007,
            "min": 0.00012239975000000007,
            "max": 0.004896776860000002,
            "count": 25
        },
        "RocketCapabilities.Policy.Beta.sum": {
            "value": 0.00024479950000000014,
            "min": 0.00024479950000000014,
            "max": 0.009483994080000002,
            "count": 25
        },
        "RocketCapabilities.Policy.GAILPolicyEstimate.mean": {
            "value": 0.4789873664577802,
            "min": 0.46749936987956364,
            "max": 0.494396768261989,
            "count": 25
        },
        "RocketCapabilities.Policy.GAILPolicyEstimate.sum": {
            "value": 0.9579747329155603,
            "min": 0.4746003995339076,
            "max": 0.9612082133690516,
            "count": 25
        },
        "RocketCapabilities.Policy.GAILExpertEstimate.mean": {
            "value": 0.5379178911447524,
            "min": 0.5150924389561018,
            "max": 0.5488872220118841,
            "count": 25
        },
        "RocketCapabilities.Policy.GAILExpertEstimate.sum": {
            "value": 1.0758357822895048,
            "min": 0.5240325090785821,
            "max": 1.0977744440237682,
            "count": 25
        },
        "RocketCapabilities.Losses.GAILLoss.mean": {
            "value": 1.3024493992328643,
            "min": 1.2705774307250977,
            "max": 1.751531958580017,
            "count": 25
        },
        "RocketCapabilities.Losses.GAILLoss.sum": {
            "value": 2.6048987984657286,
            "min": 1.3105225960413616,
            "max": 2.6872674226760864,
            "count": 25
        },
        "RocketCapabilities.Policy.GAILGradMagLoss.mean": {
            "value": 0.010256888096531233,
            "min": 0.006091793153124551,
            "max": 1.1020276773410538,
            "count": 25
        },
        "RocketCapabilities.Policy.GAILGradMagLoss.sum": {
            "value": 0.020513776193062466,
            "min": 0.007523734914138913,
            "max": 1.1020276773410538,
            "count": 25
        },
        "RocketCapabilities.Losses.PretrainingLoss.mean": {
            "value": 0.1319293516377608,
            "min": 0.13181745633482933,
            "max": 0.13760264466206232,
            "count": 25
        },
        "RocketCapabilities.Losses.PretrainingLoss.sum": {
            "value": 0.2638587032755216,
            "min": 0.133675384024779,
            "max": 0.27284797777732217,
            "count": 25
        },
        "RocketCapabilities.IsTraining.mean": {
            "value": 1.0,
            "min": 1.0,
            "max": 1.0,
            "count": 25
        },
        "RocketCapabilities.IsTraining.sum": {
            "value": 1.0,
            "min": 1.0,
            "max": 1.0,
            "count": 25
        }
    },
    "metadata": {
        "timer_format_version": "0.1.0",
        "start_time_seconds": "1738986285",