{
    "name": "root",
    "gauges": {
        "RocketCapabilities.Policy.Entropy.mean": {
            "value": 0.5651562809944153,
            "min": 0.5083182454109192,
            "max": 0.5958118438720703,
            "count": 25
        },
        "RocketCapabilities.Policy.Entropy.sum": {
            "value": 11281.6494140625,
            "min": 10220.24609375,
            "max": 11904.3203125,
            "count": 25
        },
        "RocketCapabilities.Step.mean": {
            "value": 499981.0,
            "min": 19995.0,
            "max": 499981.0,
            "count": 25
        },
        "RocketCapabilities.Step.sum": {
            "value": 499981.0,
            "min": 19995.0,
            "max": 499981.0,
            "count": 25
        },
        "RocketCapabilities.Policy.ExtrinsicValueEstimate.mean": {
            "value": 0.3391539752483368,
            "min": -0.005097723100334406,
            "max": 0.5615242719650269,
            "count": 25
        },
        "RocketCapabilities.Policy.ExtrinsicValueEstimate.sum": {
            "value": 112.93827819824219,
            "min": -1.6312713623046875,
            "max": 181.93386840820312,
            "count": 25
        },
        "RocketCapabilities.Policy.GailValueEstimate.mean": {
            "value": 27.770082473754883,
            "min": 23.25619888305664,
            "max": 35.83346176147461,
            "count": 25
        },
        "RocketCapabilities.Policy.GailValueEstimate.sum": {
            "value": 9247.4375,
            "min": 7488.49609375,
            "max": 11610.041015625,
            "count": 25
        },
        "RocketCapabilities.Environment.EpisodeLength.mean": {
            "value": 509.97872340425533,
            "min": 280.8958333333333,
            "max": 1876.4285714285713,
            "count": 25
        },
        "RocketCapabilities.Environment.EpisodeLength.sum": {
            "value": 23969.0,
            "min": 10395.0,
            "max": 36418.0,
            "count": 25
        },
        "RocketCapabilities.Environment.CumulativeReward.mean": {
            "value": 1.5527080475015844,
            "min": -0.1694176122546196,
            "max": 1.8003950010646472,
            "count": 25
        },
        "RocketCapabilities.Environment.CumulativeReward.sum": {
            "value": 72.97727823257446,
            "min": -2.7106817960739136,
            "max": 72.97727823257446,
            "count": 25
        },
        "RocketCapabilities.Policy.ExtrinsicReward.mean": {
            "value": 1.5527080475015844,
            "min": -0.1694176122546196,
            "max": 1.8003950010646472,
            "count": 25
        },
        "RocketCapabilities.Policy.ExtrinsicReward.sum": {
            "value": 72.97727823257446,
            "min": -2.7106817960739136,
            "max": 72.97727823257446,
            "count": 25
        },
        "RocketCapabilities.Policy.GailReward.mean": {
            "value": 159.39308827735007,
            "min": 88.53966382270058,
            "max": 691.1084836748513,
            "count": 25
        },
        "RocketCapabilities.Policy.GailReward.sum": {
            "value": 7491.475149035454,
            "min": 3627.3935540765524,
            "max": 15204.38664084673,
            "count": 25
        },
        "RocketCapabilities.Losses.PolicyLoss.mean": {
            "value": 0.023999678219358125,
            "min": 0.019848901599956056,
            "max": 0.03182215105431775,
            "count": 25
        },
        "RocketCapabilities.Losses.PolicyLoss.sum": {
            "value": 0.04799935643871625,
            "min": 0.026098470110446213,
            "max": 0.0636443021086355,
            "count": 25
        },
        "RocketCapabilities.Losses.ValueLoss.mean": {
            "value": 4.131722819805145,
            "min": 2.274412171045939,
            "max": 18.520287799835206,
            "count": 25
        },
        "RocketCapabilities.Losses.ValueLoss.sum": {
            "value": 8.26344563961029,
            "min": 2.274412171045939,
            "max": 37.04057559967041,
            "count": 25
        },
        "RocketCapabilities.Policy.LearningRate.mean": {
            "value": 7.002697665799992e-06,
            "min": 7.002697665799992e-06,
            "max": 0.00029382060205979994,
            "count": 25
        },
        "RocketCapabilities.Policy.LearningRate.sum": {
            "value": 1.4005395331599985e-05,
            "min": 1.4005395331599985e-05,
            "max": 0.0005691600102799999,
            "count": 25
        },
        "RocketCapabilities.Policy.Epsilon.mean": {
            "value": 0.1023342,
            "min": 0.1023342,
            "max": 0.19794019999999996,
            "count": 25
        },
        "RocketCapabilities.Policy.Epsilon.sum": {
            "value": 0.2046684,
            "min": 0.12597859999999997,
            "max": 0.3897200000000001,
            "count": 25
        },
        "RocketCapabilities.Policy.Beta.mean": {
            "value": 0.0001264765799999999,
            "min": 0.0001264765799999999,
            "max": 0.00489721598,
            "count": 25
        },
        "RocketCapabilities.Policy.Beta.sum": {
            "value": 0.0002529531599999998,
            "min": 0.0002529531599999998,
            "max": 0.009487028,
            "count": 25
        },
        "RocketCapabilities.Policy.GAILPolicyEstimate.mean": {
            "value": 0.4430373509724935,
            "min": 0.423081474006176,
            "max": 0.46508968447645505,
            "count": 25
        },
        "RocketCapabilities.Policy.GAILPolicyEstimate.sum": {
            "value": 0.886074701944987,
            "min": 0.4573628842830658,
            "max": 0.9122319626311461,
            "count": 25
        },
        "RocketCapabilities.Policy.GAILExpertEstimate.mean": {
            "value": 0.5627294580141704,
            "min": 0.5563733011484147,
            "max": 0.5846780687570572,
            "count": 25
        },
        "RocketCapabilities.Policy.GAILExpertEstimate.sum": {
            "value": 1.1254589160283408,
            "min": 0.5630242566267649,
            "max": 1.1693561375141144,
            "count": 25
        },
        "RocketCapabilities.Losses.GAILLoss.mean": {
            "value": 1.2169650832811991,
            "min": 1.163911195596059,
            "max": 1.845700200398763,
            "count": 25
        },
        "RocketCapabilities.Losses.GAILLoss.sum": {
            "value": 2.4339301665623982,
            "min": 1.2341039101282756,
            "max": 3.2746787826220194,
            "count": 25
        },
        "RocketCapabilities.Policy.GAILGradMagLoss.mean": {
            "value": 0.007573831151239574,
            "min": 0.0065058486846586066,
            "max": 1.6400561794638633,
            "count": 25
        },
        "RocketCapabilities.Policy.GAILGradMagLoss.sum": {
            "value": 0.015147662302479149,
            "min": 0.011427752937500675,
            "max": 2.480874914427598,
            "count": 25
        },
        "RocketCapabilities.Losses.PretrainingLoss.mean": {
            "value": 0.15156493832667667,
            "min": 0.15156493832667667,
            "max": 0.15902616580327353,
            "count": 25
        },
        "RocketCapabilities.Losses.PretrainingLoss.sum": {
            "value": 0.30312987665335334,
            "min": 0.15432192385196686,
            "max": 0.312377984325091,
            "count": 25
        },
        "RocketCapabilities.IsTraining.mean": {
            "value": 1.0,
            "min": 1.0,
            "max": 1.0,
            "count": 25
        },
        "RocketCapabilities.IsTraining.sum": {
            "value": 1.0,
            "min": 1.0,
            "max": 1.0,
            "count": 25
        }
    },
    "metadata": {
        "timer_format_version": "0.1.0",
        "start_time_seconds": "1737761795",