{
    "name": "root",
    "gauges": {
        "RocketCapabilities.Policy.Entropy.mean": {
            "value": 0.3906445801258087,
            "min": -4.7683710135970614e-07,
            "max": 0.4328691065311432,
            "count": 25
        },
        "RocketCapabilities.Policy.Entropy.sum": {
            "value": 7752.341796875,
            "min": -0.0095787039026618,
            "max": 8687.66796875,
            "count": 25
        },
        "RocketCapabilities.Environment.EpisodeLength.mean": {
            "value": 203.18627450980392,
            "min": 34.67857142857143,
            "max": 285.75,
            "count": 25
        },
        "RocketCapabilities.Environment.EpisodeLength.sum": {
            "value": 20725.0,
            "min": 8358.0,
            "max": 29801.0,
            "count": 25
        },
        "RocketCapabilities.Step.mean": {
            "value": 499999.0,
            "min": 19945.0,
            "max": 499999.0,
            "count": 25
        },
        "RocketCapabilities.Step.sum": {
            "value": 499999.0,
            "min": 19945.0,
            "max": 499999.0,
            "count": 25
        },
        "RocketCapabilities.Policy.ExtrinsicValueEstimate.mean": {
            "value": -2.0825371742248535,
            "min": -4.633439064025879,
            "max": 0.7360570430755615,
            "count": 25
        },
        "RocketCapabilities.Policy.ExtrinsicValueEstimate.sum": {
            "value": -739.3007202148438,
            "min": -2436.174072265625,
            "max": 283.3819580078125,
            "count": 25
        },
        "RocketCapabilities.Policy.GailValueEstimate.mean": {
            "value": 9.57617473602295,
            "min": 2.668344736099243,
            "max": 14.059771537780762,
            "count": 25
        },
        "RocketCapabilities.Policy.GailValueEstimate.sum": {
            "value": 3399.5419921875,
            "min": 992.624267578125,
            "max": 6270.658203125,
            "count": 25
        },
        "RocketCapabilities.Environment.CumulativeReward.mean": {
            "value": -5.419999418466693,
            "min": -9.178278208620124,
            "max": -0.8376829109272395,
            "count": 25
        },
        "RocketCapabilities.Environment.CumulativeReward.sum": {
            "value": -547.419941265136,
            "min": -4993.959136009216,
            "max": -87.34450352191925,
            "count": 25
        },
        "RocketCapabilities.Policy.ExtrinsicReward.mean": {
            "value": -5.419999418466693,
            "min": -9.178278208620124,
            "max": -0.8376829109272395,
            "count": 25
        },
        "RocketCapabilities.Policy.ExtrinsicReward.sum": {
            "value": -547.419941265136,
            "min": -4993.959136009216,
            "max": -87.34450352191925,
            "count": 25
        },
        "RocketCapabilities.Policy.GailReward.mean": {
            "value": 40.336071487700586,
            "min": 5.763876784659629,
            "max": 86.54658230545023,
            "count": 25
        },
        "RocketCapabilities.Policy.GailReward.sum": {
            "value": 4073.943220257759,
            "min": 2900.1127791404724,
            "max": 11696.898727416992,
            "count": 25
        },
        "RocketCapabilities.Losses.PolicyLoss.mean": {
            "value": 0.026656761105793216,
            "min": 0.02122164660443862,
            "max": 0.06765782888978719,
            "count": 25
        },
        "RocketCapabilities.Losses.PolicyLoss.sum": {
            "value": 0.05331352221158643,
            "min": 0.030811290008326372,
            "max": 0.1061378241206209,
            "count": 25
        },
        "RocketCapabilities.Losses.ValueLoss.mean": {
            "value": 1.5496748487154641,
            "min": 0.4713268329699834,
            "max": 183.59915999174117,
            "count": 25
        },
        "RocketCapabilities.Losses.ValueLoss.sum": {
            "value": 3.0993496974309283,
            "min": 0.9426536659399668,
            "max": 183.59915999174117,
            "count": 25
        },
        "RocketCapabilities.Policy.LearningRate.mean": {
            "value": 6.5490978170000065e-06,
            "min": 6.5490978170000065e-06,
            "max": 0.0002938308020564,
            "count": 25
        },
        "RocketCapabilities.Policy.LearningRate.sum": {
            "value": 1.3098195634000013e-05,
            "min": 1.3098195634000013e-05,
            "max": 0.0005690088103304,
            "count": 25
        },
        "RocketCapabilities.Policy.Epsilon.mean": {
            "value": 0.102183,
            "min": 0.102183,
            "max": 0.19794360000000005,
            "count": 25
        },
        "RocketCapabilities.Policy.Epsilon.sum": {
            "value": 0.204366,
            "min": 0.13001480000000004,
            "max": 0.3896695999999999,
            "count": 25
        },
        "RocketCapabilities.Policy.Beta.mean": {
            "value": 0.00011893170000000007,
            "min": 0.00011893170000000007,
            "max": 0.00489738564,
            "count": 25
        },
        "RocketCapabilities.Policy.Beta.sum": {
            "value": 0.00023786340000000013,
            "min": 0.00023786340000000013,
            "max": 0.00948451304,
            "count": 25
        },
        "RocketCapabilities.Policy.GAILPolicyEstimate.mean": {
            "value": 0.3000460793574651,
            "min": 0.2619433005346496,
            "max": 0.3592818271368742,
            "count": 25
        },
        "RocketCapabilities.Policy.GAILPolicyEstimate.sum": {
            "value": 0.6000921587149302,
            "min": 0.3132769907514254,
            "max": 0.7185636542737484,
            "count": 25
        },
        "RocketCapabilities.Policy.GAILExpertEstimate.mean": {
            "value": 0.7399248321851095,
            "min": 0.7089796031514803,
            "max": 0.7824644525845845,
            "count": 25
        },
        "RocketCapabilities.Policy.GAILExpertEstimate.sum": {
            "value": 1.479849664370219,
            "min": 0.7304477244615555,
            "max": 1.564928905169169,
            "count": 25
        },
        "RocketCapabilities.Losses.GAILLoss.mean": {
            "value": 0.7118947645028433,
            "min": 0.6220667054255804,
            "max": 2.7095532755057015,
            "count": 25
        },
        "RocketCapabilities.Losses.GAILLoss.sum": {
            "value": 1.4237895290056866,
            "min": 0.6926062524318695,
            "max": 5.419106551011403,
            "count": 25
        },
        "RocketCapabilities.Policy.GAILGradMagLoss.mean": {
            "value": 0.10245371125638485,
            "min": 0.09599627417822679,
            "max": 5.446113373835882,
            "count": 25
        },
        "RocketCapabilities.Policy.GAILGradMagLoss.sum": {
            "value": 0.2049074225127697,
            "min": 0.12710334360599518,
            "max": 10.892226747671764,
            "count": 25
        },
        "RocketCapabilities.Losses.PretrainingLoss.mean": {
            "value": 0.289817383305894,
            "min": 0.2840748363071018,
            "max": 1.7445865737067328,
            "count": 25
        },
        "RocketCapabilities.Losses.PretrainingLoss.sum": {
            "value": 0.579634766611788,
            "min": 0.5681496726142036,
            "max": 3.4891731474134655,
            "count": 25
        },
        "RocketCapabilities.IsTraining.mean": {
            "value": 1.0,
            "min": 1.0,
            "max": 1.0,
            "count": 25
        },
        "RocketCapabilities.IsTraining.sum": {
            "value": 1.0,
            "min": 1.0,
            "max": 1.0,
            "count": 25
        }
    },
    "metadata": {
        "timer_format_version": "0.1.0",
        "start_time_seconds": "1741400684",