{
    "name": "root",
    "gauges": {
        "RocketCapabilities.Policy.Entropy.mean": {
            "value": 0.7061411142349243,
            "min": 0.6819527745246887,
            "max": 0.8224994540214539,
            "count": 25
        },
        "RocketCapabilities.Policy.Entropy.sum": {
            "value": 14242.16015625,
            "min": 13628.970703125,
            "max": 16322.501953125,
            "count": 25
        },
        "RocketCapabilities.Step.mean": {
            "value": 499967.0,
            "min": 19986.0,
            "max": 499967.0,
            "count": 25
        },
        "RocketCapabilities.Step.sum": {
            "value": 499967.0,
            "min": 19986.0,
            "max": 499967.0,
            "count": 25
        },
        "RocketCapabilities.Policy.ExtrinsicValueEstimate.mean": {
            "value": 2.475750684738159,
            "min": 2.4104535579681396,
            "max": 4.226572513580322,
            "count": 25
        },
        "RocketCapabilities.Policy.ExtrinsicValueEstimate.sum": {
            "value": 940.7852172851562,
            "min": 905.0233154296875,
            "max": 1610.3240966796875,
            "count": 25
        },
        "RocketCapabilities.Policy.GailValueEstimate.mean": {
            "value": 12.378443717956543,
            "min": 11.62938117980957,
            "max": 21.36245346069336,
            "count": 25
        },
        "RocketCapabilities.Policy.GailValueEstimate.sum": {
            "value": 4703.80859375,
            "min": 4361.01806640625,
            "max": 7818.65771484375,
            "count": 25
        },
        "RocketCapabilities.Environment.EpisodeLength.mean": {
            "value": 137.17142857142858,
            "min": 134.55479452054794,
            "max": 145.64661654135338,
            "count": 25
        },
        "RocketCapabilities.Environment.EpisodeLength.sum": {
            "value": 19204.0,
            "min": 17043.0,
            "max": 20985.0,
            "count": 25
        },
        "RocketCapabilities.Environment.CumulativeReward.mean": {
            "value": 5.605271936500711,
            "min": 3.2126384583336334,
            "max": 8.135604553967715,
            "count": 25
        },
        "RocketCapabilities.Environment.CumulativeReward.sum": {
            "value": 784.7380711100996,
            "min": 433.70619187504053,
            "max": 1047.279982931912,
            "count": 25
        },
        "RocketCapabilities.Policy.ExtrinsicReward.mean": {
            "value": 5.605271936500711,
            "min": 3.2126384583336334,
            "max": 8.135604553967715,
            "count": 25
        },
        "RocketCapabilities.Policy.ExtrinsicReward.sum": {
            "value": 784.7380711100996,
            "min": 433.70619187504053,
            "max": 1047.279982931912,
            "count": 25
        },
        "RocketCapabilities.Policy.GailReward.mean": {
            "value": 41.37524025540001,
            "min": 33.83941520747971,
            "max": 47.4041607807462,
            "count": 25
        },
        "RocketCapabilities.Policy.GailReward.sum": {
            "value": 5792.533635756001,
            "min": 4940.554620292038,
            "max": 6418.193289004266,
            "count": 25
        },
        "RocketCapabilities.Losses.PolicyLoss.mean": {
            "value": 0.022788799655002853,
            "min": 0.021678112423978747,
            "max": 0.02692501573668172,
            "count": 25
        },
        "RocketCapabilities.Losses.PolicyLoss.sum": {
            "value": 0.045577599310005705,
            "min": 0.024462407858421405,
            "max": 0.05385003147336344,
            "count": 25
        },
        "RocketCapabilities.Losses.ValueLoss.mean": {
            "value": 4.895589037736256,
            "min": 4.213373267650605,
            "max": 9.87368094921112,
            "count": 25
        },
        "RocketCapabilities.Losses.ValueLoss.sum": {
            "value": 9.791178075472512,
            "min": 5.0661300897598265,
            "max": 19.74736189842224,
            "count": 25
        },
        "RocketCapabilities.Policy.LearningRate.mean": {
            "value": 6.611497796199999e-06,
            "min": 6.611497796199999e-06,
            "max": 0.00029385180204940007,
            "count": 25
        },
        "RocketCapabilities.Policy.LearningRate.sum": {
            "value": 1.3222995592399998e-05,
            "min": 1.3222995592399998e-05,
            "max": 0.0005692500102499999,
            "count": 25
        },
        "RocketCapabilities.Policy.Epsilon.mean": {
            "value": 0.10220380000000001,
            "min": 0.10220380000000001,
            "max": 0.1979506000000001,
            "count": 25
        },
        "RocketCapabilities.Policy.Epsilon.sum": {
            "value": 0.20440760000000002,
            "min": 0.12998919999999997,
            "max": 0.38975000000000004,
            "count": 25
        },
        "RocketCapabilities.Policy.Beta.mean": {
            "value": 0.00011996962000000003,
            "min": 0.00011996962000000003,
            "max": 0.0048977349400000005,
            "count": 25
        },
        "RocketCapabilities.Policy.Beta.sum": {
            "value": 0.00023993924000000007,
            "min": 0.00023993924000000007,
            "max": 0.009488525,
            "count": 25
        },
        "RocketCapabilities.Policy.GAILPolicyEstimate.mean": {
            "value": 0.38232204020023347,
            "min": 0.38108627597490946,
            "max": 0.43891246020793917,
            "count": 25
        },
        "RocketCapabilities.Policy.GAILPolicyEstimate.sum": {
            "value": 0.7646440804004669,
            "min": 0.4062356561422348,
            "max": 0.826840004324913,
            "count": 25
        },
        "RocketCapabilities.Policy.GAILExpertEstimate.mean": {
            "value": 0.7014551212390263,
            "min": 0.6847337086995443,
            "max": 0.7228073000907898,
            "count": 25
        },
        "RocketCapabilities.Policy.GAILExpertEstimate.sum": {
            "value": 1.4029102424780526,
            "min": 0.6847337086995443,
            "max": 1.4128712316354117,
            "count": 25
        },
        "RocketCapabilities.Losses.GAILLoss.mean": {
            "value": 0.9408006022373835,
            "min": 0.9365721156199773,
            "max": 1.4155611316363017,
            "count": 25
        },
        "RocketCapabilities.Losses.GAILLoss.sum": {
            "value": 1.881601204474767,
            "min": 1.0081449111302694,
            "max": 2.033721297979355,
            "count": 25
        },
        "RocketCapabilities.Policy.GAILGradMagLoss.mean": {
            "value": 0.1328869388749202,
            "min": 0.12806724073986214,
            "max": 1.5806358541051546,
            "count": 25
        },
        "RocketCapabilities.Policy.GAILGradMagLoss.sum": {
            "value": 0.2657738777498404,
            "min": 0.15940333430965742,
            "max": 1.5806358541051546,
            "count": 25
        },
        "RocketCapabilities.Losses.PretrainingLoss.mean": {
            "value": 0.28549036342236733,
            "min": 0.28549036342236733,
            "max": 0.3333123916829074,
            "count": 25
        },
        "RocketCapabilities.Losses.PretrainingLoss.sum": {
            "value": 0.5709807268447347,
            "min": 0.2931717335717914,
            "max": 0.6666247833658148,
            "count": 25
        },
        "RocketCapabilities.IsTraining.mean": {
            "value": 1.0,
            "min": 1.0,
            "max": 1.0,
            "count": 25
        },
        "RocketCapabilities.IsTraining.sum": {
            "value": 1.0,
            "min": 1.0,
            "max": 1.0,
            "count": 25
        }
    },
    "metadata": {
        "timer_format_version": "0.1.0",
        "start_time_seconds": "1743823657",