{
    "name": "root",
    "gauges": {
        "RocketCapabilities.Policy.Entropy.mean": {
            "value": 0.5836285352706909,
            "min": -4.7683710135970614e-07,
            "max": 0.5836285352706909,
            "count": 25
        },
        "RocketCapabilities.Policy.Entropy.sum": {
            "value": 11534.833984375,
            "min": -0.009655951522290707,
            "max": 11534.833984375,
            "count": 25
        },
        "RocketCapabilities.Step.mean": {
            "value": 499978.0,
            "min": 19953.0,
            "max": 499978.0,
            "count": 25
        },
        "RocketCapabilities.Step.sum": {
            "value": 499978.0,
            "min": 19953.0,
            "max": 499978.0,
            "count": 25
        },
        "RocketCapabilities.Policy.ExtrinsicValueEstimate.mean": {
            "value": -1.1625523567199707,
            "min": -4.984747409820557,
            "max": -0.33871638774871826,
            "count": 25
        },
        "RocketCapabilities.Policy.ExtrinsicValueEstimate.sum": {
            "value": -368.5290832519531,
            "min": -2710.12646484375,
            "max": -131.08323669433594,
            "count": 25
        },
        "RocketCapabilities.Policy.GailValueEstimate.mean": {
            "value": 9.72551155090332,
            "min": -0.05689637362957001,
            "max": 10.923511505126953,
            "count": 25
        },
        "RocketCapabilities.Policy.GailValueEstimate.sum": {
            "value": 3082.9873046875,
            "min": -22.47406768798828,
            "max": 5428.9853515625,
            "count": 25
        },
        "RocketCapabilities.Environment.EpisodeLength.mean": {
            "value": 213.125,
            "min": 34.73083778966132,
            "max": 342.13793103448273,
            "count": 25
        },
        "RocketCapabilities.Environment.EpisodeLength.sum": {
            "value": 1705.0,
            "min": 1705.0,
            "max": 29766.0,
            "count": 25
        },
        "RocketCapabilities.Environment.CumulativeReward.mean": {
            "value": -12.374998599290848,
            "min": -12.374998599290848,
            "max": -1.0028855693874075,
            "count": 25
        },
        "RocketCapabilities.Environment.CumulativeReward.sum": {
            "value": -98.99998879432678,
            "min": -4995.199119567871,
            "max": -98.99998879432678,
            "count": 25
        },
        "RocketCapabilities.Policy.ExtrinsicReward.mean": {
            "value": -12.374998599290848,
            "min": -12.374998599290848,
            "max": -1.0028855693874075,
            "count": 25
        },
        "RocketCapabilities.Policy.ExtrinsicReward.sum": {
            "value": -98.99998879432678,
            "min": -4995.199119567871,
            "max": -98.99998879432678,
            "count": 25
        },
        "RocketCapabilities.Policy.GailReward.mean": {
            "value": 61.49532347172499,
            "min": 3.419521705099843,
            "max": 65.3733835592866,
            "count": 25
        },
        "RocketCapabilities.Policy.GailReward.sum": {
            "value": 491.9625877737999,
            "min": 491.9625877737999,
            "max": 5983.107103943825,
            "count": 25
        },
        "RocketCapabilities.Losses.PolicyLoss.mean": {
            "value": 0.037360301831116285,
            "min": 0.019633002982785305,
            "max": 0.05280330255627632,
            "count": 25
        },
        "RocketCapabilities.Losses.PolicyLoss.sum": {
            "value": 0.07472060366223257,
            "min": 0.02219541072845459,
            "max": 0.10374199886185428,
            "count": 25
        },
        "RocketCapabilities.Losses.ValueLoss.mean": {
            "value": 2.51662991642952,
            "min": 0.3993091146151225,
            "max": 223.6757441997528,
            "count": 25
        },
        "RocketCapabilities.Losses.ValueLoss.sum": {
            "value": 5.03325983285904,
            "min": 0.6570293505986532,
            "max": 447.3514883995056,
            "count": 25
        },
        "RocketCapabilities.Policy.LearningRate.mean": {
            "value": 6.742597752500005e-06,
            "min": 6.742597752500005e-06,
            "max": 0.0002938512020496,
            "count": 25
        },
        "RocketCapabilities.Policy.LearningRate.sum": {
            "value": 1.348519550500001e-05,
            "min": 1.348519550500001e-05,
            "max": 0.0005691732102756,
            "count": 25
        },
        "RocketCapabilities.Policy.Epsilon.mean": {
            "value": 0.10224750000000002,
            "min": 0.10224750000000002,
            "max": 0.19795039999999997,
            "count": 25
        },
        "RocketCapabilities.Policy.Epsilon.sum": {
            "value": 0.20449500000000004,
            "min": 0.13003259999999997,
            "max": 0.3897243999999999,
            "count": 25
        },
        "RocketCapabilities.Policy.Beta.mean": {
            "value": 0.00012215025000000015,
            "min": 0.00012215025000000015,
            "max": 0.004897724959999999,
            "count": 25
        },
        "RocketCapabilities.Policy.Beta.sum": {
            "value": 0.0002443005000000003,
            "min": 0.0002443005000000003,
            "max": 0.009487247559999998,
            "count": 25
        },
        "RocketCapabilities.Policy.GAILPolicyEstimate.mean": {
            "value": 0.29558914403120673,
            "min": 0.23480741432168106,
            "max": 0.32691255820294224,
            "count": 25
        },
        "RocketCapabilities.Policy.GAILPolicyEstimate.sum": {
            "value": 0.5911782880624135,
            "min": 0.2812623977661133,
            "max": 0.605221755305926,
            "count": 25
        },
        "RocketCapabilities.Policy.GAILExpertEstimate.mean": {
            "value": 0.790831024448077,
            "min": 0.6816607226928075,
            "max": 0.8074030677477518,
            "count": 25
        },
        "RocketCapabilities.Policy.GAILExpertEstimate.sum": {
            "value": 1.581662048896154,
            "min": 0.6816607226928075,
            "max": 1.6148061354955037,
            "count": 25
        },
        "RocketCapabilities.Losses.GAILLoss.mean": {
            "value": 0.6282114366690318,
            "min": 0.5642181242505709,
            "max": 1.5206585288047791,
            "count": 25
        },
        "RocketCapabilities.Losses.GAILLoss.sum": {
            "value": 1.2564228733380636,
            "min": 0.609639024734497,
            "max": 2.9707103580236436,
            "count": 25
        },
        "RocketCapabilities.Policy.GAILGradMagLoss.mean": {
            "value": 0.14977935291826724,
            "min": 0.13045522135992843,
            "max": 3.6677868075668814,
            "count": 25
        },
        "RocketCapabilities.Policy.GAILGradMagLoss.sum": {
            "value": 0.2995587058365345,
            "min": 0.19010890200734137,
            "max": 7.335573615133763,
            "count": 25
        },
        "RocketCapabilities.Losses.PretrainingLoss.mean": {
            "value": 0.49129276971022284,
            "min": 0.49129276971022284,
            "max": 1.7943856318791707,
            "count": 25
        },
        "RocketCapabilities.Losses.PretrainingLoss.sum": {
            "value": 0.9825855394204457,
            "min": 0.9825855394204457,
            "max": 3.337532202402751,
            "count": 25
        },
        "RocketCapabilities.IsTraining.mean": {
            "value": 1.0,
            "min": 1.0,
            "max": 1.0,
            "count": 25
        },
        "RocketCapabilities.IsTraining.sum": {
            "value": 1.0,
            "min": 1.0,
            "max": 1.0,
            "count": 25
        }
    },
    "metadata": {
        "timer_format_version": "0.1.0",
        "start_time_seconds": "1741399093",