{
    "name": "root",
    "gauges": {
        "RocketCapabilities.Policy.Entropy.mean": {
            "value": 0.5599634051322937,
            "min": 0.5507533550262451,
            "max": 0.5945566296577454,
            "count": 25
        },
        "RocketCapabilities.Policy.Entropy.sum": {
            "value": 11167.91015625,
            "min": 11027.0146484375,
            "max": 11878.83984375,
            "count": 25
        },
        "RocketCapabilities.Step.mean": {
            "value": 499968.0,
            "min": 19985.0,
            "max": 499968.0,
            "count": 25
        },
        "RocketCapabilities.Step.sum": {
            "value": 499968.0,
            "min": 19985.0,
            "max": 499968.0,
            "count": 25
        },
        "RocketCapabilities.Policy.ExtrinsicValueEstimate.mean": {
            "value": -0.39855921268463135,
            "min": -0.5820044875144958,
            "max": 0.3095402419567108,
            "count": 25
        },
        "RocketCapabilities.Policy.ExtrinsicValueEstimate.sum": {
            "value": -136.705810546875,
            "min": -191.47947692871094,
            "max": 104.62460327148438,
            "count": 25
        },
        "RocketCapabilities.Policy.GailValueEstimate.mean": {
            "value": 23.90664291381836,
            "min": 23.90664291381836,
            "max": 27.091073989868164,
            "count": 25
        },
        "RocketCapabilities.Policy.GailValueEstimate.sum": {
            "value": 8199.978515625,
            "min": 8199.978515625,
            "max": 8858.78125,
            "count": 25
        },
        "RocketCapabilities.Environment.EpisodeLength.mean": {
            "value": 535.9193548387096,
            "min": 176.55769230769232,
            "max": 737.2702702702703,
            "count": 25
        },
        "RocketCapabilities.Environment.EpisodeLength.sum": {
            "value": 33227.0,
            "min": 9181.0,
            "max": 33467.0,
            "count": 25
        },
        "RocketCapabilities.Environment.CumulativeReward.mean": {
            "value": -3.615125802360595,
            "min": -6.769243617370528,
            "max": 0.6730160149566543,
            "count": 25
        },
        "RocketCapabilities.Environment.CumulativeReward.sum": {
            "value": -224.1377997463569,
            "min": -325.93220006115735,
            "max": 34.99683277774602,
            "count": 25
        },
        "RocketCapabilities.Policy.ExtrinsicReward.mean": {
            "value": -3.615125802360595,
            "min": -6.769243617370528,
            "max": 0.6730160149566543,
            "count": 25
        },
        "RocketCapabilities.Policy.ExtrinsicReward.sum": {
            "value": -224.1377997463569,
            "min": -325.93220006115735,
            "max": 34.99683277774602,
            "count": 25
        },
        "RocketCapabilities.Policy.GailReward.mean": {
            "value": 166.84018012112188,
            "min": 62.9369071836655,
            "max": 233.64847553403754,
            "count": 25
        },
        "RocketCapabilities.Policy.GailReward.sum": {
            "value": 10344.091167509556,
            "min": 3272.719173550606,
            "max": 10954.760719895363,
            "count": 25
        },
        "RocketCapabilities.Losses.PolicyLoss.mean": {
            "value": 0.02182189564531048,
            "min": 0.019136361793304482,
            "max": 0.033046342649807534,
            "count": 25
        },
        "RocketCapabilities.Losses.PolicyLoss.sum": {
            "value": 0.04364379129062096,
            "min": 0.019136361793304482,
            "max": 0.0531856984210511,
            "count": 25
        },
        "RocketCapabilities.Losses.ValueLoss.mean": {
            "value": 1.742739083369573,
            "min": 0.9472383429606756,
            "max": 2.0420568267504375,
            "count": 25
        },
        "RocketCapabilities.Losses.ValueLoss.sum": {
            "value": 3.485478166739146,
            "min": 1.3283978740374247,
            "max": 4.084113653500875,
            "count": 25
        },
        "RocketCapabilities.Policy.LearningRate.mean": {
            "value": 6.4815978394999945e-06,
            "min": 6.4815978394999945e-06,
            "max": 0.00029337600220799993,
            "count": 25
        },
        "RocketCapabilities.Policy.LearningRate.sum": {
            "value": 1.2963195678999989e-05,
            "min": 1.2963195678999989e-05,
            "max": 0.0005682432105855999,
            "count": 25
        },
        "RocketCapabilities.Policy.Epsilon.mean": {
            "value": 0.10216049999999999,
            "min": 0.10216049999999999,
            "max": 0.197792,
            "count": 25
        },
        "RocketCapabilities.Policy.Epsilon.sum": {
            "value": 0.20432099999999997,
            "min": 0.13400200000000004,
            "max": 0.3894144000000001,
            "count": 25
        },
        "RocketCapabilities.Policy.Beta.mean": {
            "value": 0.00011780894999999994,
            "min": 0.00011780894999999994,
            "max": 0.0048898208,
            "count": 25
        },
        "RocketCapabilities.Policy.Beta.sum": {
            "value": 0.00023561789999999988,
            "min": 0.00023561789999999988,
            "max": 0.00947177856,
            "count": 25
        },
        "RocketCapabilities.Policy.GAILPolicyEstimate.mean": {
            "value": 0.4729121014475822,
            "min": 0.46670601020256675,
            "max": 0.4922006905078888,
            "count": 25
        },
        "RocketCapabilities.Policy.GAILPolicyEstimate.sum": {
            "value": 0.9458242028951644,
            "min": 0.4671038796504339,
            "max": 0.9844013810157776,
            "count": 25
        },
        "RocketCapabilities.Policy.GAILExpertEstimate.mean": {
            "value": 0.5222653592626254,
            "min": 0.5001579781373342,
            "max": 0.5461634000142416,
            "count": 25
        },
        "RocketCapabilities.Policy.GAILExpertEstimate.sum": {
            "value": 1.0445307185252508,
            "min": 0.5001579781373342,
            "max": 1.0916282216707867,
            "count": 25
        },
        "RocketCapabilities.Losses.GAILLoss.mean": {
            "value": 1.317701808611552,
            "min": 1.271773620446523,
            "max": 1.9581490397453307,
            "count": 25
        },
        "RocketCapabilities.Losses.GAILLoss.sum": {
            "value": 2.635403617223104,
            "min": 1.271773620446523,
            "max": 2.740466817220052,
            "count": 25
        },
        "RocketCapabilities.Policy.GAILGradMagLoss.mean": {
            "value": 0.006394966528750956,
            "min": 0.004263884411193431,
            "max": 1.4243369733914732,
            "count": 25
        },
        "RocketCapabilities.Policy.GAILGradMagLoss.sum": {
            "value": 0.012789933057501913,
            "min": 0.007092679509272178,
            "max": 1.4243369733914732,
            "count": 25
        },
        "RocketCapabilities.Losses.PretrainingLoss.mean": {
            "value": 0.13369248559077582,
            "min": 0.13369248559077582,
            "max": 0.13834463184078533,
            "count": 25
        },
        "RocketCapabilities.Losses.PretrainingLoss.sum": {
            "value": 0.26738497118155163,
            "min": 0.13550235331058502,
            "max": 0.27668926368157065,
            "count": 25
        },
        "RocketCapabilities.IsTraining.mean": {
            "value": 1.0,
            "min": 1.0,
            "max": 1.0,
            "count": 25
        },
        "RocketCapabilities.IsTraining.sum": {
            "value": 1.0,
            "min": 1.0,
            "max": 1.0,
            "count": 25
        }
    },
    "metadata": {
        "timer_format_version": "0.1.0",
        "start_time_seconds": "1737779734",