{
    "name": "root",
    "gauges": {
        "RocketCapabilities.Policy.Entropy.mean": {
            "value": 0.5582568645477295,
            "min": 0.49576088786125183,
            "max": 0.6192823648452759,
            "count": 25
        },
        "RocketCapabilities.Policy.Entropy.sum": {
            "value": 11153.97265625,
            "min": 10628.1220703125,
            "max": 12339.8203125,
            "count": 25
        },
        "RocketCapabilities.Step.mean": {
            "value": 499938.0,
            "min": 19952.0,
            "max": 499938.0,
            "count": 25
        },
        "RocketCapabilities.Step.sum": {
            "value": 499938.0,
            "min": 19952.0,
            "max": 499938.0,
            "count": 25
        },
        "RocketCapabilities.Policy.ExtrinsicValueEstimate.mean": {
            "value": -2.6024763584136963,
            "min": -2.9364173412323,
            "max": -1.087584376335144,
            "count": 25
        },
        "RocketCapabilities.Policy.ExtrinsicValueEstimate.sum": {
            "value": -887.4444580078125,
            "min": -995.4454956054688,
            "max": -391.5303955078125,
            "count": 25
        },
        "RocketCapabilities.Policy.GailValueEstimate.mean": {
            "value": 10.930460929870605,
            "min": 8.87800407409668,
            "max": 12.935667037963867,
            "count": 25
        },
        "RocketCapabilities.Policy.GailValueEstimate.sum": {
            "value": 3727.287109375,
            "min": 3036.27734375,
            "max": 4302.90283203125,
            "count": 25
        },
        "RocketCapabilities.Environment.EpisodeLength.mean": {
            "value": 421.8301886792453,
            "min": 133.8118811881188,
            "max": 557.75,
            "count": 25
        },
        "RocketCapabilities.Environment.EpisodeLength.sum": {
            "value": 22357.0,
            "min": 9999.0,
            "max": 35770.0,
            "count": 25
        },
        "RocketCapabilities.Environment.CumulativeReward.mean": {
            "value": -12.79627661540542,
            "min": -20.239998768363147,
            "max": -1.0089108908530509,
            "count": 25
        },
        "RocketCapabilities.Environment.CumulativeReward.sum": {
            "value": -678.2026606164873,
            "min": -1120.0799318812788,
            "max": -101.89999997615814,
            "count": 25
        },
        "RocketCapabilities.Policy.ExtrinsicReward.mean": {
            "value": -12.79627661540542,
            "min": -20.239998768363147,
            "max": -1.0089108908530509,
            "count": 25
        },
        "RocketCapabilities.Policy.ExtrinsicReward.sum": {
            "value": -678.2026606164873,
            "min": -1120.0799318812788,
            "max": -101.89999997615814,
            "count": 25
        },
        "RocketCapabilities.Policy.GailReward.mean": {
            "value": 77.66397896795621,
            "min": 29.919257510602712,
            "max": 121.32256093544179,
            "count": 25
        },
        "RocketCapabilities.Policy.GailReward.sum": {
            "value": 4116.190885301679,
            "min": 1840.7150579094887,
            "max": 6423.385298222303,
            "count": 25
        },
        "RocketCapabilities.Losses.PolicyLoss.mean": {
            "value": 0.02166647344517211,
            "min": 0.021327913901768622,
            "max": 0.031024510599672796,
            "count": 25
        },
        "RocketCapabilities.Losses.PolicyLoss.sum": {
            "value": 0.04333294689034422,
            "min": 0.024032196992387376,
            "max": 0.0606446683096389,
            "count": 25
        },
        "RocketCapabilities.Losses.ValueLoss.mean": {
            "value": 4.991667318344116,
            "min": 2.2978862325350446,
            "max": 5.8205439925193785,
            "count": 25
        },
        "RocketCapabilities.Losses.ValueLoss.sum": {
            "value": 9.983334636688232,
            "min": 2.8194751342137656,
            "max": 11.641087985038757,
            "count": 25
        },
        "RocketCapabilities.Policy.LearningRate.mean": {
            "value": 6.786697737800011e-06,
            "min": 6.786697737800011e-06,
            "max": 0.00029384700205099996,
            "count": 25
        },
        "RocketCapabilities.Policy.LearningRate.sum": {
            "value": 1.3573395475600022e-05,
            "min": 1.3573395475600022e-05,
            "max": 0.0005691738102753999,
            "count": 25
        },
        "RocketCapabilities.Policy.Epsilon.mean": {
            "value": 0.10226220000000004,
            "min": 0.10226220000000004,
            "max": 0.19794900000000007,
            "count": 25
        },
        "RocketCapabilities.Policy.Epsilon.sum": {
            "value": 0.20452440000000008,
            "min": 0.12595920000000002,
            "max": 0.3897246000000001,
            "count": 25
        },
        "RocketCapabilities.Policy.Beta.mean": {
            "value": 0.0001228837800000002,
            "min": 0.0001228837800000002,
            "max": 0.004897655100000001,
            "count": 25
        },
        "RocketCapabilities.Policy.Beta.sum": {
            "value": 0.0002457675600000004,
            "min": 0.0002457675600000004,
            "max": 0.009487257540000002,
            "count": 25
        },
        "RocketCapabilities.Policy.GAILPolicyEstimate.mean": {
            "value": 0.2467558761437734,
            "min": 0.2467558761437734,
            "max": 0.3328951803346475,
            "count": 25
        },
        "RocketCapabilities.Policy.GAILPolicyEstimate.sum": {
            "value": 0.4935117522875468,
            "min": 0.26389256566762925,
            "max": 0.556948950390021,
            "count": 25
        },
        "RocketCapabilities.Policy.GAILExpertEstimate.mean": {
            "value": 0.8212041606505711,
            "min": 0.7671580582857132,
            "max": 0.8250670413176219,
            "count": 25
        },
        "RocketCapabilities.Policy.GAILExpertEstimate.sum": {
            "value": 1.6424083213011422,
            "min": 0.7671580582857132,
            "max": 1.648549449443817,
            "count": 25
        },
        "RocketCapabilities.Losses.GAILLoss.mean": {
            "value": 0.5242105434338251,
            "min": 0.5242105434338251,
            "max": 0.8780504147211711,
            "count": 25
        },
        "RocketCapabilities.Losses.GAILLoss.sum": {
            "value": 1.0484210868676502,
            "min": 0.5300333817799886,
            "max": 1.1763208905855815,
            "count": 25
        },
        "RocketCapabilities.Policy.GAILGradMagLoss.mean": {
            "value": 0.2839889585971832,
            "min": 0.2040046992401282,
            "max": 0.889908075829347,
            "count": 25
        },
        "RocketCapabilities.Policy.GAILGradMagLoss.sum": {
            "value": 0.5679779171943664,
            "min": 0.24222141802310942,
            "max": 0.889908075829347,
            "count": 25
        },
        "RocketCapabilities.Losses.PretrainingLoss.mean": {
            "value": 0.293642540772756,
            "min": 0.28514546155929565,
            "max": 0.3164680053790411,
            "count": 25
        },
        "RocketCapabilities.Losses.PretrainingLoss.sum": {
            "value": 0.587285081545512,
            "min": 0.28739240765571594,
            "max": 0.6329360107580821,
            "count": 25
        },
        "RocketCapabilities.IsTraining.mean": {
            "value": 1.0,
            "min": 1.0,
            "max": 1.0,
            "count": 25
        },
        "RocketCapabilities.IsTraining.sum": {
            "value": 1.0,
            "min": 1.0,
            "max": 1.0,
            "count": 25
        }
    },
    "metadata": {
        "timer_format_version": "0.1.0",
        "start_time_seconds": "1739587680",