{
    "name": "root",
    "gauges": {
        "RocketCapabilities.Policy.Entropy.mean": {
            "value": 0.5749212503433228,
            "min": 0.5409705638885498,
            "max": 0.6027883291244507,
            "count": 25
        },
        "RocketCapabilities.Policy.Entropy.sum": {
            "value": 11466.2294921875,
            "min": 10828.06640625,
            "max": 12087.111328125,
            "count": 25
        },
        "RocketCapabilities.Step.mean": {
            "value": 499984.0,
            "min": 19945.0,
            "max": 499984.0,
            "count": 25
        },
        "RocketCapabilities.Step.sum": {
            "value": 499984.0,
            "min": 19945.0,
            "max": 499984.0,
            "count": 25
        },
        "RocketCapabilities.Policy.ExtrinsicValueEstimate.mean": {
            "value": -0.35713741183280945,
            "min": -0.6580775380134583,
            "max": -0.3194808065891266,
            "count": 25
        },
        "RocketCapabilities.Policy.ExtrinsicValueEstimate.sum": {
            "value": -119.64103698730469,
            "min": -212.55905151367188,
            "max": -107.02606964111328,
            "count": 25
        },
        "RocketCapabilities.Policy.GailValueEstimate.mean": {
            "value": 41.94965744018555,
            "min": 22.15625,
            "max": 41.94965744018555,
            "count": 25
        },
        "RocketCapabilities.Policy.GailValueEstimate.sum": {
            "value": 14053.134765625,
            "min": 7710.375,
            "max": 14053.134765625,
            "count": 25
        },
        "RocketCapabilities.Environment.EpisodeLength.mean": {
            "value": 510.3829787234043,
            "min": 174.58928571428572,
            "max": 787.2903225806451,
            "count": 25
        },
        "RocketCapabilities.Environment.EpisodeLength.sum": {
            "value": 23988.0,
            "min": 9777.0,
            "max": 28998.0,
            "count": 25
        },
        "RocketCapabilities.Environment.CumulativeReward.mean": {
            "value": -2.8443390656302268,
            "min": -7.09020888102391,
            "max": 0.2371549984673038,
            "count": 25
        },
        "RocketCapabilities.Environment.CumulativeReward.sum": {
            "value": -133.68393608462065,
            "min": -236.95249381382018,
            "max": 13.280679914169014,
            "count": 25
        },
        "RocketCapabilities.Policy.ExtrinsicReward.mean": {
            "value": -2.8443390656302268,
            "min": -7.09020888102391,
            "max": 0.2371549984673038,
            "count": 25
        },
        "RocketCapabilities.Policy.ExtrinsicReward.sum": {
            "value": -133.68393608462065,
            "min": -236.95249381382018,
            "max": 13.280679914169014,
            "count": 25
        },
        "RocketCapabilities.Policy.GailReward.mean": {
            "value": 276.80408410823094,
            "min": 59.683589288166594,
            "max": 444.3367508877407,
            "count": 25
        },
        "RocketCapabilities.Policy.GailReward.sum": {
            "value": 13009.791953086853,
            "min": 3342.281000137329,
            "max": 24438.52129882574,
            "count": 25
        },
        "RocketCapabilities.Losses.PolicyLoss.mean": {
            "value": 0.022985867496269446,
            "min": 0.016666024954368672,
            "max": 0.027668667522569496,
            "count": 25
        },
        "RocketCapabilities.Losses.PolicyLoss.sum": {
            "value": 0.04597173499253889,
            "min": 0.016666024954368672,
            "max": 0.05533733504513899,
            "count": 25
        },
        "RocketCapabilities.Losses.ValueLoss.mean": {
            "value": 12.388214810689291,
            "min": 0.7937465608119965,
            "max": 82.29074008862177,
            "count": 25
        },
        "RocketCapabilities.Losses.ValueLoss.sum": {
            "value": 24.776429621378583,
            "min": 1.1499821980794271,
            "max": 164.58148017724355,
            "count": 25
        },
        "RocketCapabilities.Policy.LearningRate.mean": {
            "value": 6.753697748799992e-06,
            "min": 6.753697748799992e-06,
            "max": 0.0002938446020518,
            "count": 25
        },
        "RocketCapabilities.Policy.LearningRate.sum": {
            "value": 1.3507395497599984e-05,
            "min": 1.3507395497599984e-05,
            "max": 0.0005692152102616,
            "count": 25
        },
        "RocketCapabilities.Policy.Epsilon.mean": {
            "value": 0.10225120000000001,
            "min": 0.10225120000000001,
            "max": 0.1979482,
            "count": 25
        },
        "RocketCapabilities.Policy.Epsilon.sum": {
            "value": 0.20450240000000003,
            "min": 0.13000379999999997,
            "max": 0.3897384,
            "count": 25
        },
        "RocketCapabilities.Policy.Beta.mean": {
            "value": 0.00012233487999999986,
            "min": 0.00012233487999999986,
            "max": 0.004897615180000001,
            "count": 25
        },
        "RocketCapabilities.Policy.Beta.sum": {
            "value": 0.0002446697599999997,
            "min": 0.0002446697599999997,
            "max": 0.009487946160000002,
            "count": 25
        },
        "RocketCapabilities.Policy.GAILPolicyEstimate.mean": {
            "value": 0.4599508787194888,
            "min": 0.45726599196592965,
            "max": 0.5041305478662252,
            "count": 25
        },
        "RocketCapabilities.Policy.GAILPolicyEstimate.sum": {
            "value": 0.9199017574389776,
            "min": 0.46711890399456024,
            "max": 1.0082610957324505,
            "count": 25
        },
        "RocketCapabilities.Policy.GAILExpertEstimate.mean": {
            "value": 0.5039003372192383,
            "min": 0.5039003372192383,
            "max": 0.554585940639178,
            "count": 25
        },
        "RocketCapabilities.Policy.GAILExpertEstimate.sum": {
            "value": 1.0078006744384767,
            "min": 0.5152219233413537,
            "max": 1.109171881278356,
            "count": 25
        },
        "RocketCapabilities.Losses.GAILLoss.mean": {
            "value": 1.3772885938485464,
            "min": 1.238543717066447,
            "max": 2.343292947610219,
            "count": 25
        },
        "RocketCapabilities.Losses.GAILLoss.sum": {
            "value": 2.754577187697093,
            "min": 1.2759192744890848,
            "max": 4.686585895220438,
            "count": 25
        },
        "RocketCapabilities.Policy.GAILGradMagLoss.mean": {
            "value": 0.09496296383440495,
            "min": 0.0047564631948868435,
            "max": 1.8422517241444438,
            "count": 25
        },
        "RocketCapabilities.Policy.GAILGradMagLoss.sum": {
            "value": 0.1899259276688099,
            "min": 0.009512926389773687,
            "max": 3.6845034482888877,
            "count": 25
        },
        "RocketCapabilities.Losses.PretrainingLoss.mean": {
            "value": 0.1334836520254612,
            "min": 0.1334836520254612,
            "max": 0.13865641504526138,
            "count": 25
        },
        "RocketCapabilities.Losses.PretrainingLoss.sum": {
            "value": 0.2669673040509224,
            "min": 0.13455826540788016,
            "max": 0.27517387022574746,
            "count": 25
        },
        "RocketCapabilities.IsTraining.mean": {
            "value": 1.0,
            "min": 1.0,
            "max": 1.0,
            "count": 25
        },
        "RocketCapabilities.IsTraining.sum": {
            "value": 1.0,
            "min": 1.0,
            "max": 1.0,
            "count": 25
        }
    },
    "metadata": {
        "timer_format_version": "0.1.0",
        "start_time_seconds": "1737780154",