{
    "name": "root",
    "gauges": {
        "RocketCapabilities.Policy.Entropy.mean": {
            "value": 0.57489013671875,
            "min": 0.5197886824607849,
            "max": 0.6116902232170105,
            "count": 25
        },
        "RocketCapabilities.Policy.Entropy.sum": {
            "value": 11548.3935546875,
            "min": 10422.802734375,
            "max": 12232.5810546875,
            "count": 25
        },
        "RocketCapabilities.Step.mean": {
            "value": 499985.0,
            "min": 19937.0,
            "max": 499985.0,
            "count": 25
        },
        "RocketCapabilities.Step.sum": {
            "value": 499985.0,
            "min": 19937.0,
            "max": 499985.0,
            "count": 25
        },
        "RocketCapabilities.Policy.ExtrinsicValueEstimate.mean": {
            "value": 0.14555510878562927,
            "min": 0.01859147660434246,
            "max": 0.26248878240585327,
            "count": 25
        },
        "RocketCapabilities.Policy.ExtrinsicValueEstimate.sum": {
            "value": 46.868743896484375,
            "min": 6.135187149047852,
            "max": 83.99641418457031,
            "count": 25
        },
        "RocketCapabilities.Policy.GailValueEstimate.mean": {
            "value": 28.155927658081055,
            "min": 24.208782196044922,
            "max": 30.540115356445312,
            "count": 25
        },
        "RocketCapabilities.Policy.GailValueEstimate.sum": {
            "value": 9066.208984375,
            "min": 7988.8984375,
            "max": 9965.263671875,
            "count": 25
        },
        "RocketCapabilities.Environment.EpisodeLength.mean": {
            "value": 918.3076923076923,
            "min": 432.65,
            "max": 1582.4,
            "count": 25
        },
        "RocketCapabilities.Environment.EpisodeLength.sum": {
            "value": 23876.0,
            "min": 8653.0,
            "max": 27540.0,
            "count": 25
        },
        "RocketCapabilities.Environment.CumulativeReward.mean": {
            "value": 0.8275784987669724,
            "min": -0.6210043271382649,
            "max": 1.3187109118416196,
            "count": 25
        },
        "RocketCapabilities.Environment.CumulativeReward.sum": {
            "value": 21.517040967941284,
            "min": -9.315064907073975,
            "max": 35.30845522880554,
            "count": 25
        },
        "RocketCapabilities.Policy.ExtrinsicReward.mean": {
            "value": 0.8275784987669724,
            "min": -0.6210043271382649,
            "max": 1.3187109118416196,
            "count": 25
        },
        "RocketCapabilities.Policy.ExtrinsicReward.sum": {
            "value": 21.517040967941284,
            "min": -9.315064907073975,
            "max": 35.30845522880554,
            "count": 25
        },
        "RocketCapabilities.Policy.GailReward.mean": {
            "value": 304.8814399440128,
            "min": 152.49956364035606,
            "max": 459.7973759149356,
            "count": 25
        },
        "RocketCapabilities.Policy.GailReward.sum": {
            "value": 7926.917438544333,
            "min": 3049.9912728071213,
            "max": 8674.72646021843,
            "count": 25
        },
        "RocketCapabilities.Losses.PolicyLoss.mean": {
            "value": 0.02264248694603642,
            "min": 0.017410010285675525,
            "max": 0.028047677028613785,
            "count": 25
        },
        "RocketCapabilities.Losses.PolicyLoss.sum": {
            "value": 0.04528497389207284,
            "min": 0.017410010285675525,
            "max": 0.05609535405722757,
            "count": 25
        },
        "RocketCapabilities.Losses.ValueLoss.mean": {
            "value": 3.8103713035583495,
            "min": 2.2353748977184296,
            "max": 8.994909858703613,
            "count": 25
        },
        "RocketCapabilities.Losses.ValueLoss.sum": {
            "value": 7.620742607116699,
            "min": 3.0039771954218546,
            "max": 17.989819717407226,
            "count": 25
        },
        "RocketCapabilities.Policy.LearningRate.mean": {
            "value": 7.103197632299986e-06,
            "min": 7.103197632299986e-06,
            "max": 0.0002938248020584001,
            "count": 25
        },
        "RocketCapabilities.Policy.LearningRate.sum": {
            "value": 1.4206395264599972e-05,
            "min": 1.4206395264599972e-05,
            "max": 0.0005691486102837998,
            "count": 25
        },
        "RocketCapabilities.Policy.Epsilon.mean": {
            "value": 0.1023677,
            "min": 0.1023677,
            "max": 0.1979416,
            "count": 25
        },
        "RocketCapabilities.Policy.Epsilon.sum": {
            "value": 0.2047354,
            "min": 0.12601500000000007,
            "max": 0.3897162000000001,
            "count": 25
        },
        "RocketCapabilities.Policy.Beta.mean": {
            "value": 0.00012814822999999978,
            "min": 0.00012814822999999978,
            "max": 0.004897285839999998,
            "count": 25
        },
        "RocketCapabilities.Policy.Beta.sum": {
            "value": 0.00025629645999999956,
            "min": 0.00025629645999999956,
            "max": 0.009486838380000001,
            "count": 25
        },
        "RocketCapabilities.Policy.GAILPolicyEstimate.mean": {
            "value": 0.45093869169553125,
            "min": 0.42743957291046775,
            "max": 0.47204945981502533,
            "count": 25
        },
        "RocketCapabilities.Policy.GAILPolicyEstimate.sum": {
            "value": 0.9018773833910625,
            "min": 0.4693624071776867,
            "max": 0.9391531536976496,
            "count": 25
        },
        "RocketCapabilities.Policy.GAILExpertEstimate.mean": {
            "value": 0.5594944616158803,
            "min": 0.5464969476064047,
            "max": 0.5994261115789414,
            "count": 25
        },
        "RocketCapabilities.Policy.GAILExpertEstimate.sum": {
            "value": 1.1189889232317607,
            "min": 0.5464969476064047,
            "max": 1.1988522231578829,
            "count": 25
        },
        "RocketCapabilities.Losses.GAILLoss.mean": {
            "value": 1.2357021351655324,
            "min": 1.1405410766601562,
            "max": 1.9115770260492961,
            "count": 25
        },
        "RocketCapabilities.Losses.GAILLoss.sum": {
            "value": 2.471404270331065,
            "min": 1.2632294654846192,
            "max": 2.5211782654126487,
            "count": 25
        },
        "RocketCapabilities.Policy.GAILGradMagLoss.mean": {
            "value": 0.011303630983456969,
            "min": 0.007947776893464228,
            "max": 1.7363887516781689,
            "count": 25
        },
        "RocketCapabilities.Policy.GAILGradMagLoss.sum": {
            "value": 0.022607261966913938,
            "min": 0.008626083470880985,
            "max": 1.7363887516781689,
            "count": 25
        },
        "RocketCapabilities.Losses.PretrainingLoss.mean": {
            "value": 0.15197502573331195,
            "min": 0.15197502573331195,
            "max": 0.16365938136974972,
            "count": 25
        },
        "RocketCapabilities.Losses.PretrainingLoss.sum": {
            "value": 0.3039500514666239,
            "min": 0.15321222941080728,
            "max": 0.32731876273949945,
            "count": 25
        },
        "RocketCapabilities.IsTraining.mean": {
            "value": 1.0,
            "min": 1.0,
            "max": 1.0,
            "count": 25
        },
        "RocketCapabilities.IsTraining.sum": {
            "value": 1.0,
            "min": 1.0,
            "max": 1.0,
            "count": 25
        }
    },
    "metadata": {
        "timer_format_version": "0.1.0",
        "start_time_seconds": "1737760336",