{
    "name": "root",
    "gauges": {
        "RocketCapabilities.Policy.Entropy.mean": {
            "value": 0.5028643012046814,
            "min": 0.5028643012046814,
            "max": 0.5886720418930054,
            "count": 25
        },
        "RocketCapabilities.Policy.Entropy.sum": {
            "value": 10060.8056640625,
            "min": 10060.8056640625,
            "max": 11831.435546875,
            "count": 25
        },
        "RocketCapabilities.Step.mean": {
            "value": 499975.0,
            "min": 19988.0,
            "max": 499975.0,
            "count": 25
        },
        "RocketCapabilities.Step.sum": {
            "value": 499975.0,
            "min": 19988.0,
            "max": 499975.0,
            "count": 25
        },
        "RocketCapabilities.Policy.ExtrinsicValueEstimate.mean": {
            "value": 0.6561990976333618,
            "min": -2.489163637161255,
            "max": 2.002225637435913,
            "count": 25
        },
        "RocketCapabilities.Policy.ExtrinsicValueEstimate.sum": {
            "value": 247.38706970214844,
            "min": -916.01220703125,
            "max": 754.8390502929688,
            "count": 25
        },
        "RocketCapabilities.Policy.GailValueEstimate.mean": {
            "value": 9.515844345092773,
            "min": 8.807720184326172,
            "max": 11.98132610321045,
            "count": 25
        },
        "RocketCapabilities.Policy.GailValueEstimate.sum": {
            "value": 3587.47314453125,
            "min": 3329.318359375,
            "max": 4433.0908203125,
            "count": 25
        },
        "RocketCapabilities.Environment.EpisodeLength.mean": {
            "value": 128.21935483870968,
            "min": 126.82692307692308,
            "max": 135.03378378378378,
            "count": 25
        },
        "RocketCapabilities.Environment.EpisodeLength.sum": {
            "value": 19874.0,
            "min": 17548.0,
            "max": 20457.0,
            "count": 25
        },
        "RocketCapabilities.Environment.CumulativeReward.mean": {
            "value": 0.7341149171994579,
            "min": -0.39628634823335185,
            "max": 4.265479260434707,
            "count": 25
        },
        "RocketCapabilities.Environment.CumulativeReward.sum": {
            "value": 113.78781216591597,
            "min": -58.65037953853607,
            "max": 665.4147646278143,
            "count": 25
        },
        "RocketCapabilities.Policy.ExtrinsicReward.mean": {
            "value": 0.7341149171994579,
            "min": -0.39628634823335185,
            "max": 4.265479260434707,
            "count": 25
        },
        "RocketCapabilities.Policy.ExtrinsicReward.sum": {
            "value": 113.78781216591597,
            "min": -58.65037953853607,
            "max": 665.4147646278143,
            "count": 25
        },
        "RocketCapabilities.Policy.GailReward.mean": {
            "value": 29.788773983716965,
            "min": 28.93034628410943,
            "max": 37.41609209060669,
            "count": 25
        },
        "RocketCapabilities.Policy.GailReward.sum": {
            "value": 4617.2599674761295,
            "min": 4387.345185160637,
            "max": 5717.964778110385,
            "count": 25
        },
        "RocketCapabilities.Losses.PolicyLoss.mean": {
            "value": 0.024693932174704968,
            "min": 0.019328857174453637,
            "max": 0.03091367057835062,
            "count": 25
        },
        "RocketCapabilities.Losses.PolicyLoss.sum": {
            "value": 0.049387864349409935,
            "min": 0.022916743143772084,
            "max": 0.06182734115670124,
            "count": 25
        },
        "RocketCapabilities.Losses.ValueLoss.mean": {
            "value": 3.53692387342453,
            "min": 2.480167164405187,
            "max": 78.78995553652446,
            "count": 25
        },
        "RocketCapabilities.Losses.ValueLoss.sum": {
            "value": 7.07384774684906,
            "min": 3.9707066933314006,
            "max": 78.78995553652446,
            "count": 25
        },
        "RocketCapabilities.Policy.LearningRate.mean": {
            "value": 6.752197749299999e-06,
            "min": 6.752197749299999e-06,
            "max": 0.00029384880205039993,
            "count": 25
        },
        "RocketCapabilities.Policy.LearningRate.sum": {
            "value": 1.3504395498599999e-05,
            "min": 1.3504395498599999e-05,
            "max": 0.0005692458102513998,
            "count": 25
        },
        "RocketCapabilities.Policy.Epsilon.mean": {
            "value": 0.10225069999999999,
            "min": 0.10225069999999999,
            "max": 0.19794960000000003,
            "count": 25
        },
        "RocketCapabilities.Policy.Epsilon.sum": {
            "value": 0.20450139999999997,
            "min": 0.1300372,
            "max": 0.3897486000000001,
            "count": 25
        },
        "RocketCapabilities.Policy.Beta.mean": {
            "value": 0.00012230993000000002,
            "min": 0.00012230993000000002,
            "max": 0.004897685039999999,
            "count": 25
        },
        "RocketCapabilities.Policy.Beta.sum": {
            "value": 0.00024461986000000004,
            "min": 0.00024461986000000004,
            "max": 0.009488455140000003,
            "count": 25
        },
        "RocketCapabilities.Policy.GAILPolicyEstimate.mean": {
            "value": 0.35104215890169144,
            "min": 0.3460364078481992,
            "max": 0.4091519400477409,
            "count": 25
        },
        "RocketCapabilities.Policy.GAILPolicyEstimate.sum": {
            "value": 0.7020843178033829,
            "min": 0.3572777638832728,
            "max": 0.7479706925650438,
            "count": 25
        },
        "RocketCapabilities.Policy.GAILExpertEstimate.mean": {
            "value": 0.7319738497336705,
            "min": 0.7267119844754537,
            "max": 0.7551802933216095,
            "count": 25
        },
        "RocketCapabilities.Policy.GAILExpertEstimate.sum": {
            "value": 1.463947699467341,
            "min": 0.7323282976945241,
            "max": 1.4852167149384816,
            "count": 25
        },
        "RocketCapabilities.Losses.GAILLoss.mean": {
            "value": 0.8499672621488571,
            "min": 0.8318729211886724,
            "max": 1.0593303223450978,
            "count": 25
        },
        "RocketCapabilities.Losses.GAILLoss.sum": {
            "value": 1.6999345242977142,
            "min": 0.8575890918572744,
            "max": 1.9716203808784485,
            "count": 25
        },
        "RocketCapabilities.Policy.GAILGradMagLoss.mean": {
            "value": 0.06105291756490866,
            "min": 0.060614889363447826,
            "max": 0.614594841748476,
            "count": 25
        },
        "RocketCapabilities.Policy.GAILGradMagLoss.sum": {
            "value": 0.12210583512981732,
            "min": 0.0662554105122884,
            "max": 0.9592607749005159,
            "count": 25
        },
        "RocketCapabilities.Losses.PretrainingLoss.mean": {
            "value": 0.26839089427047813,
            "min": 0.26839089427047813,
            "max": 0.3123996436882478,
            "count": 25
        },
        "RocketCapabilities.Losses.PretrainingLoss.sum": {
            "value": 0.5367817885409563,
            "min": 0.2706132448063447,
            "max": 0.6247992873764956,
            "count": 25
        },
        "RocketCapabilities.IsTraining.mean": {
            "value": 1.0,
            "min": 1.0,
            "max": 1.0,
            "count": 25
        },
        "RocketCapabilities.IsTraining.sum": {
            "value": 1.0,
            "min": 1.0,
            "max": 1.0,
            "count": 25
        }
    },
    "metadata": {
        "timer_format_version": "0.1.0",
        "start_time_seconds": "1745631976",