{
    "name": "root",
    "gauges": {
        "RocketCapabilities.Policy.Entropy.mean": {
            "value": 0.581601619720459,
            "min": 0.581601619720459,
            "max": 0.6542143225669861,
            "count": 25
        },
        "RocketCapabilities.Policy.Entropy.sum": {
            "value": 11683.2138671875,
            "min": 11683.2138671875,
            "max": 13574.9033203125,
            "count": 25
        },
        "RocketCapabilities.Step.mean": {
            "value": 499997.0,
            "min": 19977.0,
            "max": 499997.0,
            "count": 25
        },
        "RocketCapabilities.Step.sum": {
            "value": 499997.0,
            "min": 19977.0,
            "max": 499997.0,
            "count": 25
        },
        "RocketCapabilities.Policy.ExtrinsicValueEstimate.mean": {
            "value": 3.668245315551758,
            "min": 2.197849750518799,
            "max": 4.227650165557861,
            "count": 25
        },
        "RocketCapabilities.Policy.ExtrinsicValueEstimate.sum": {
            "value": 1357.250732421875,
            "min": 819.7979125976562,
            "max": 1572.6859130859375,
            "count": 25
        },
        "RocketCapabilities.Policy.GailValueEstimate.mean": {
            "value": 9.886085510253906,
            "min": 9.297614097595215,
            "max": 11.83423137664795,
            "count": 25
        },
        "RocketCapabilities.Policy.GailValueEstimate.sum": {
            "value": 3657.8515625,
            "min": 3517.7109375,
            "max": 4331.32861328125,
            "count": 25
        },
        "RocketCapabilities.Environment.EpisodeLength.mean": {
            "value": 139.9375,
            "min": 132.23387096774192,
            "max": 140.95714285714286,
            "count": 25
        },
        "RocketCapabilities.Environment.EpisodeLength.sum": {
            "value": 20151.0,
            "min": 16397.0,
            "max": 21084.0,
            "count": 25
        },
        "RocketCapabilities.Environment.CumulativeReward.mean": {
            "value": 7.286018166691065,
            "min": 3.452308254278436,
            "max": 7.713197063654661,
            "count": 25
        },
        "RocketCapabilities.Environment.CumulativeReward.sum": {
            "value": 1049.1866160035133,
            "min": 507.4893133789301,
            "max": 1126.1267712935805,
            "count": 25
        },
        "RocketCapabilities.Policy.ExtrinsicReward.mean": {
            "value": 7.286018166691065,
            "min": 3.452308254278436,
            "max": 7.713197063654661,
            "count": 25
        },
        "RocketCapabilities.Policy.ExtrinsicReward.sum": {
            "value": 1049.1866160035133,
            "min": 507.4893133789301,
            "max": 1126.1267712935805,
            "count": 25
        },
        "RocketCapabilities.Policy.GailReward.mean": {
            "value": 34.99750235397369,
            "min": 30.570608730827058,
            "max": 40.14460245403303,
            "count": 25
        },
        "RocketCapabilities.Policy.GailReward.sum": {
            "value": 5039.640338972211,
            "min": 4493.879483431578,
            "max": 5901.256560742855,
            "count": 25
        },
        "RocketCapabilities.Losses.PolicyLoss.mean": {
            "value": 0.0284129408110554,
            "min": 0.02062111169410249,
            "max": 0.0284129408110554,
            "count": 25
        },
        "RocketCapabilities.Losses.PolicyLoss.sum": {
            "value": 0.0568258816221108,
            "min": 0.02198092038743198,
            "max": 0.0568258816221108,
            "count": 25
        },
        "RocketCapabilities.Losses.ValueLoss.mean": {
            "value": 3.3967098395029707,
            "min": 2.3803796569506326,
            "max": 8.067717488606771,
            "count": 25
        },
        "RocketCapabilities.Losses.ValueLoss.sum": {
            "value": 6.793419679005941,
            "min": 2.523396881421407,
            "max": 9.558969823519389,
            "count": 25
        },
        "RocketCapabilities.Policy.LearningRate.mean": {
            "value": 6.784297738600006e-06,
            "min": 6.784297738600006e-06,
            "max": 0.0002938434020522001,
            "count": 25
        },
        "RocketCapabilities.Policy.LearningRate.sum": {
            "value": 1.3568595477200011e-05,
            "min": 1.3568595477200011e-05,
            "max": 0.0005691834102722001,
            "count": 25
        },
        "RocketCapabilities.Policy.Epsilon.mean": {
            "value": 0.1022614,
            "min": 0.1022614,
            "max": 0.19794779999999995,
            "count": 25
        },
        "RocketCapabilities.Policy.Epsilon.sum": {
            "value": 0.2045228,
            "min": 0.1300442,
            "max": 0.38972780000000007,
            "count": 25
        },
        "RocketCapabilities.Policy.Beta.mean": {
            "value": 0.00012284386000000012,
            "min": 0.00012284386000000012,
            "max": 0.004897595219999999,
            "count": 25
        },
        "RocketCapabilities.Policy.Beta.sum": {
            "value": 0.00024568772000000023,
            "min": 0.00024568772000000023,
            "max": 0.009487417219999999,
            "count": 25
        },
        "RocketCapabilities.Policy.GAILPolicyEstimate.mean": {
            "value": 0.3561757579445839,
            "min": 0.348988073070844,
            "max": 0.4190864364306132,
            "count": 25
        },
        "RocketCapabilities.Policy.GAILPolicyEstimate.sum": {
            "value": 0.7123515158891678,
            "min": 0.3572437256574631,
            "max": 0.8092153658469519,
            "count": 25
        },
        "RocketCapabilities.Policy.GAILExpertEstimate.mean": {
            "value": 0.7290397862593333,
            "min": 0.7160774767398834,
            "max": 0.7433368186155955,
            "count": 25
        },
        "RocketCapabilities.Policy.GAILExpertEstimate.sum": {
            "value": 1.4580795725186666,
            "min": 0.7355168720086416,
            "max": 1.486673637231191,
            "count": 25
        },
        "RocketCapabilities.Losses.GAILLoss.mean": {
            "value": 0.8613329499959945,
            "min": 0.8528923521439234,
            "max": 1.2646648287773132,
            "count": 25
        },
        "RocketCapabilities.Losses.GAILLoss.sum": {
            "value": 1.722665899991989,
            "min": 0.8544340133666992,
            "max": 2.0124724765618645,
            "count": 25
        },
        "RocketCapabilities.Policy.GAILGradMagLoss.mean": {
            "value": 0.07656853913019102,
            "min": 0.07656853913019102,
            "max": 1.2193452949325243,
            "count": 25
        },
        "RocketCapabilities.Policy.GAILGradMagLoss.sum": {
            "value": 0.15313707826038203,
            "min": 0.08758753538131714,
            "max": 1.2193452949325243,
            "count": 25
        },
        "RocketCapabilities.Losses.PretrainingLoss.mean": {
            "value": 0.28018747843228853,
            "min": 0.28018747843228853,
            "max": 0.30135347765798753,
            "count": 25
        },
        "RocketCapabilities.Losses.PretrainingLoss.sum": {
            "value": 0.5603749568645771,
            "min": 0.28379554626269216,
            "max": 0.6027069553159751,
            "count": 25
        },
        "RocketCapabilities.IsTraining.mean": {
            "value": 1.0,
            "min": 1.0,
            "max": 1.0,
            "count": 25
        },
        "RocketCapabilities.IsTraining.sum": {
            "value": 1.0,
            "min": 1.0,
            "max": 1.0,
            "count": 25
        }
    },
    "metadata": {
        "timer_format_version": "0.1.0",
        "start_time_seconds": "1744423190",