{
    "name": "root",
    "gauges": {
        "RocketCapabilities.Policy.Entropy.mean": {
            "value": 0.6064519286155701,
            "min": 0.5978155732154846,
            "max": 0.8784215450286865,
            "count": 25
        },
        "RocketCapabilities.Policy.Entropy.sum": {
            "value": 12160.57421875,
            "min": 12006.12109375,
            "max": 18088.45703125,
            "count": 25
        },
        "RocketCapabilities.Step.mean": {
            "value": 499985.0,
            "min": 19954.0,
            "max": 499985.0,
            "count": 25
        },
        "RocketCapabilities.Step.sum": {
            "value": 499985.0,
            "min": 19954.0,
            "max": 499985.0,
            "count": 25
        },
        "RocketCapabilities.Policy.ExtrinsicValueEstimate.mean": {
            "value": 0.4127916693687439,
            "min": -1.0505675077438354,
            "max": 0.7640075087547302,
            "count": 25
        },
        "RocketCapabilities.Policy.ExtrinsicValueEstimate.sum": {
            "value": 136.22125244140625,
            "min": -358.2435302734375,
            "max": 277.334716796875,
            "count": 25
        },
        "RocketCapabilities.Policy.GailValueEstimate.mean": {
            "value": 24.033706665039062,
            "min": 11.298657417297363,
            "max": 24.780027389526367,
            "count": 25
        },
        "RocketCapabilities.Policy.GailValueEstimate.sum": {
            "value": 7931.123046875,
            "min": 3852.84228515625,
            "max": 7954.388671875,
            "count": 25
        },
        "RocketCapabilities.Environment.EpisodeLength.mean": {
            "value": 536.1428571428571,
            "min": 197.59139784946237,
            "max": 886.1304347826087,
            "count": 25
        },
        "RocketCapabilities.Environment.EpisodeLength.sum": {
            "value": 22518.0,
            "min": 14293.0,
            "max": 23470.0,
            "count": 25
        },
        "RocketCapabilities.Environment.CumulativeReward.mean": {
            "value": 0.805508920124599,
            "min": -0.8717806074354384,
            "max": 1.0689510544141134,
            "count": 25
        },
        "RocketCapabilities.Environment.CumulativeReward.sum": {
            "value": 33.831374645233154,
            "min": -65.44521236419678,
            "max": 64.1370632648468,
            "count": 25
        },
        "RocketCapabilities.Policy.ExtrinsicReward.mean": {
            "value": 0.805508920124599,
            "min": -0.8717806074354384,
            "max": 1.0689510544141134,
            "count": 25
        },
        "RocketCapabilities.Policy.ExtrinsicReward.sum": {
            "value": 33.831374645233154,
            "min": -65.44521236419678,
            "max": 64.1370632648468,
            "count": 25
        },
        "RocketCapabilities.Policy.GailReward.mean": {
            "value": 180.2907589326302,
            "min": 63.084704657074695,
            "max": 312.46195296501674,
            "count": 25
        },
        "RocketCapabilities.Policy.GailReward.sum": {
            "value": 7572.211875170469,
            "min": 3437.2175032920204,
            "max": 9307.138615831733,
            "count": 25
        },
        "RocketCapabilities.Losses.PolicyLoss.mean": {
            "value": 0.024198988537924987,
            "min": 0.01838987636923169,
            "max": 0.026203727225462596,
            "count": 25
        },
        "RocketCapabilities.Losses.PolicyLoss.sum": {
            "value": 0.048397977075849974,
            "min": 0.02045343999440471,
            "max": 0.05240745445092519,
            "count": 25
        },
        "RocketCapabilities.Losses.ValueLoss.mean": {
            "value": 3.1900060772895813,
            "min": 2.9392558892567955,
            "max": 24.102930758396784,
            "count": 25
        },
        "RocketCapabilities.Losses.ValueLoss.sum": {
            "value": 6.380012154579163,
            "min": 3.09453596274058,
            "max": 48.20586151679357,
            "count": 25
        },
        "RocketCapabilities.Policy.LearningRate.mean": {
            "value": 7.200997599699999e-06,
            "min": 7.200997599699999e-06,
            "max": 0.0002938422020525999,
            "count": 25
        },
        "RocketCapabilities.Policy.LearningRate.sum": {
            "value": 1.4401995199399997e-05,
            "min": 1.4401995199399997e-05,
            "max": 0.0005691792102736,
            "count": 25
        },
        "RocketCapabilities.Policy.Epsilon.mean": {
            "value": 0.10240030000000004,
            "min": 0.10240030000000004,
            "max": 0.19794740000000005,
            "count": 25
        },
        "RocketCapabilities.Policy.Epsilon.sum": {
            "value": 0.20480060000000008,
            "min": 0.12603080000000003,
            "max": 0.38972640000000003,
            "count": 25
        },
        "RocketCapabilities.Policy.Beta.mean": {
            "value": 0.00012977497,
            "min": 0.00012977497,
            "max": 0.004897575260000001,
            "count": 25
        },
        "RocketCapabilities.Policy.Beta.sum": {
            "value": 0.00025954994,
            "min": 0.00025954994,
            "max": 0.009487347360000002,
            "count": 25
        },
        "RocketCapabilities.Policy.GAILPolicyEstimate.mean": {
            "value": 0.46391744414965314,
            "min": 0.4625301872690518,
            "max": 0.5239992727835974,
            "count": 25
        },
        "RocketCapabilities.Policy.GAILPolicyEstimate.sum": {
            "value": 0.9278348882993063,
            "min": 0.4669302294651667,
            "max": 1.0479985455671947,
            "count": 25
        },
        "RocketCapabilities.Policy.GAILExpertEstimate.mean": {
            "value": 0.570700149734815,
            "min": 0.5600882768630981,
            "max": 0.6240559925635656,
            "count": 25
        },
        "RocketCapabilities.Policy.GAILExpertEstimate.sum": {
            "value": 1.14140029946963,
            "min": 0.5600882768630981,
            "max": 1.2481119851271312,
            "count": 25
        },
        "RocketCapabilities.Losses.GAILLoss.mean": {
            "value": 1.2258304218451181,
            "min": 1.191936711470286,
            "max": 1.831681207815806,
            "count": 25
        },
        "RocketCapabilities.Losses.GAILLoss.sum": {
            "value": 2.4516608436902363,
            "min": 1.2395004312197366,
            "max": 2.7574456453323366,
            "count": 25
        },
        "RocketCapabilities.Policy.GAILGradMagLoss.mean": {
            "value": 0.0175424063578248,
            "min": 0.01681092622069021,
            "max": 1.5399060020844142,
            "count": 25
        },
        "RocketCapabilities.Policy.GAILGradMagLoss.sum": {
            "value": 0.0350848127156496,
            "min": 0.028568105089167753,
            "max": 1.5399060020844142,
            "count": 25
        },
        "RocketCapabilities.Losses.PretrainingLoss.mean": {
            "value": 0.16513042151927948,
            "min": 0.16513042151927948,
            "max": 0.2466429074605306,
            "count": 25
        },
        "RocketCapabilities.Losses.PretrainingLoss.sum": {
            "value": 0.33026084303855896,
            "min": 0.17180640002091727,
            "max": 0.4606984108686447,
            "count": 25
        },
        "RocketCapabilities.IsTraining.mean": {
            "value": 1.0,
            "min": 1.0,
            "max": 1.0,
            "count": 25
        },
        "RocketCapabilities.IsTraining.sum": {
            "value": 1.0,
            "min": 1.0,
            "max": 1.0,
            "count": 25
        }
    },
    "metadata": {
        "timer_format_version": "0.1.0",
        "start_time_seconds": "1737176309",