{
    "name": "root",
    "gauges": {
        "RocketCapabilities.Policy.Entropy.mean": {
            "value": 0.6533761620521545,
            "min": 0.5613646507263184,
            "max": 0.6552353501319885,
            "count": 25
        },
        "RocketCapabilities.Policy.Entropy.sum": {
            "value": 13007.412109375,
            "min": 11236.275390625,
            "max": 13087.5986328125,
            "count": 25
        },
        "RocketCapabilities.Step.mean": {
            "value": 499956.0,
            "min": 19940.0,
            "max": 499956.0,
            "count": 25
        },
        "RocketCapabilities.Step.sum": {
            "value": 499956.0,
            "min": 19940.0,
            "max": 499956.0,
            "count": 25
        },
        "RocketCapabilities.Policy.ExtrinsicValueEstimate.mean": {
            "value": -0.011654002591967583,
            "min": -0.08315008878707886,
            "max": -0.011654002591967583,
            "count": 25
        },
        "RocketCapabilities.Policy.ExtrinsicValueEstimate.sum": {
            "value": -3.729280948638916,
            "min": -29.47627067565918,
            "max": -3.729280948638916,
            "count": 25
        },
        "RocketCapabilities.Policy.GailValueEstimate.mean": {
            "value": 26.930944442749023,
            "min": 23.900724411010742,
            "max": 27.578269958496094,
            "count": 25
        },
        "RocketCapabilities.Policy.GailValueEstimate.sum": {
            "value": 8617.90234375,
            "min": 8036.49462890625,
            "max": 8864.99609375,
            "count": 25
        },
        "RocketCapabilities.Environment.EpisodeLength.mean": {
            "value": 1253.5,
            "min": 224.4468085106383,
            "max": 1290.0,
            "count": 25
        },
        "RocketCapabilities.Environment.EpisodeLength.sum": {
            "value": 22563.0,
            "min": 9364.0,
            "max": 36636.0,
            "count": 25
        },
        "RocketCapabilities.Environment.CumulativeReward.mean": {
            "value": -0.1111111111111111,
            "min": -0.9,
            "max": 0.1111111111111111,
            "count": 25
        },
        "RocketCapabilities.Environment.CumulativeReward.sum": {
            "value": -2.0,
            "min": -75.0,
            "max": 1.0,
            "count": 25
        },
        "RocketCapabilities.Policy.ExtrinsicReward.mean": {
            "value": -0.1111111111111111,
            "min": -0.9,
            "max": 0.1111111111111111,
            "count": 25
        },
        "RocketCapabilities.Policy.ExtrinsicReward.sum": {
            "value": -2.0,
            "min": -75.0,
            "max": 1.0,
            "count": 25
        },
        "RocketCapabilities.Policy.GailReward.mean": {
            "value": 392.84369792540866,
            "min": 75.35385955572129,
            "max": 414.2057339640764,
            "count": 25
        },
        "RocketCapabilities.Policy.GailReward.sum": {
            "value": 7071.186562657356,
            "min": 3091.8003253936768,
            "max": 12479.754145145416,
            "count": 25
        },
        "RocketCapabilities.Losses.PolicyLoss.mean": {
            "value": 0.02553883017972112,
            "min": 0.019859279148901503,
            "max": 0.031029840186238288,
            "count": 25
        },
        "RocketCapabilities.Losses.PolicyLoss.sum": {
            "value": 0.05107766035944224,
            "min": 0.02409506319090724,
            "max": 0.05520631784262757,
            "count": 25
        },
        "RocketCapabilities.Losses.ValueLoss.mean": {
            "value": 2.2069483359654747,
            "min": 0.6259414670368035,
            "max": 4.54336069226265,
            "count": 25
        },
        "RocketCapabilities.Losses.ValueLoss.sum": {
            "value": 4.413896671930949,
            "min": 0.855350649356842,
            "max": 9.0867213845253,
            "count": 25
        },
        "RocketCapabilities.Policy.LearningRate.mean": {
            "value": 7.2333975889e-06,
            "min": 7.2333975889e-06,
            "max": 0.00029382240205919996,
            "count": 25
        },
        "RocketCapabilities.Policy.LearningRate.sum": {
            "value": 1.44667951778e-05,
            "min": 1.44667951778e-05,
            "max": 0.0005691300102899999,
            "count": 25
        },
        "RocketCapabilities.Policy.Epsilon.mean": {
            "value": 0.10241109999999998,
            "min": 0.10241109999999998,
            "max": 0.19794079999999994,
            "count": 25
        },
        "RocketCapabilities.Policy.Epsilon.sum": {
            "value": 0.20482219999999995,
            "min": 0.12603020000000006,
            "max": 0.38971,
            "count": 25
        },
        "RocketCapabilities.Policy.Beta.mean": {
            "value": 0.00013031388999999995,
            "min": 0.00013031388999999995,
            "max": 0.004897245919999999,
            "count": 25
        },
        "RocketCapabilities.Policy.Beta.sum": {
            "value": 0.0002606277799999999,
            "min": 0.0002606277799999999,
            "max": 0.009486528999999999,
            "count": 25
        },
        "RocketCapabilities.Policy.GAILPolicyEstimate.mean": {
            "value": 0.4643912052114805,
            "min": 0.4272554631034533,
            "max": 0.5114841535687447,
            "count": 25
        },
        "RocketCapabilities.Policy.GAILPolicyEstimate.sum": {
            "value": 0.928782410422961,
            "min": 0.4464570293823878,
            "max": 1.0111339837312698,
            "count": 25
        },
        "RocketCapabilities.Policy.GAILExpertEstimate.mean": {
            "value": 0.5664587467908859,
            "min": 0.5410415967305502,
            "max": 0.5847966646154721,
            "count": 25
        },
        "RocketCapabilities.Policy.GAILExpertEstimate.sum": {
            "value": 1.1329174935817719,
            "min": 0.5570793489615122,
            "max": 1.1695933292309442,
            "count": 25
        },
        "RocketCapabilities.Losses.GAILLoss.mean": {
            "value": 1.2755856851736704,
            "min": 1.2017103513081868,
            "max": 2.0704019824663797,
            "count": 25
        },
        "RocketCapabilities.Losses.GAILLoss.sum": {
            "value": 2.551171370347341,
            "min": 1.2466156284014385,
            "max": 3.0065926949183144,
            "count": 25
        },
        "RocketCapabilities.Policy.GAILGradMagLoss.mean": {
            "value": 0.0034959791325187934,
            "min": 0.0009546800050884485,
            "max": 1.9559993028640748,
            "count": 25
        },
        "RocketCapabilities.Policy.GAILGradMagLoss.sum": {
            "value": 0.006991958265037587,
            "min": 0.001909360010176897,
            "max": 1.9559993028640748,
            "count": 25
        },
        "RocketCapabilities.Losses.PretrainingLoss.mean": {
            "value": 0.16663024326165515,
            "min": 0.16615477949380875,
            "max": 0.19908880069851875,
            "count": 25
        },
        "RocketCapabilities.Losses.PretrainingLoss.sum": {
            "value": 0.3332604865233103,
            "min": 0.16858811179796854,
            "max": 0.3981776013970375,
            "count": 25
        },
        "RocketCapabilities.IsTraining.mean": {
            "value": 1.0,
            "min": 1.0,
            "max": 1.0,
            "count": 25
        },
        "RocketCapabilities.IsTraining.sum": {
            "value": 1.0,
            "min": 1.0,
            "max": 1.0,
            "count": 25
        }
    },
    "metadata": {
        "timer_format_version": "0.1.0",
        "start_time_seconds": "1737169475",
        "python_version": "3.10.11 (tags/v3.10.11:7d4cc5a, Apr  5 2023, 00:38:17) [MSC v.1929 64 bit (AMD64)]",