{
    "name": "root",
    "gauges": {
        "RocketCapabilities.Policy.Entropy.mean": {
            "value": 0.5847317576408386,
            "min": 0.5453917980194092,
            "max": 0.6374349594116211,
            "count": 25
        },
        "RocketCapabilities.Policy.Entropy.sum": {
            "value": 11746.091796875,
            "min": 10779.123046875,
            "max": 13047.91015625,
            "count": 25
        },
        "RocketCapabilities.Step.mean": {
            "value": 499967.0,
            "min": 19999.0,
            "max": 499967.0,
            "count": 25
        },
        "RocketCapabilities.Step.sum": {
            "value": 499967.0,
            "min": 19999.0,
            "max": 499967.0,
            "count": 25
        },
        "RocketCapabilities.Policy.ExtrinsicValueEstimate.mean": {
            "value": -4.64314079284668,
            "min": -5.138875484466553,
            "max": -1.2349833250045776,
            "count": 25
        },
        "RocketCapabilities.Policy.ExtrinsicValueEstimate.sum": {
            "value": -1560.0953369140625,
            "min": -1721.5233154296875,
            "max": -421.12933349609375,
            "count": 25
        },
        "RocketCapabilities.Policy.GailValueEstimate.mean": {
            "value": 11.117265701293945,
            "min": 11.117265701293945,
            "max": 15.128153800964355,
            "count": 25
        },
        "RocketCapabilities.Policy.GailValueEstimate.sum": {
            "value": 3735.4013671875,
            "min": 3735.4013671875,
            "max": 4916.64990234375,
            "count": 25
        },
        "RocketCapabilities.Environment.EpisodeLength.mean": {
            "value": 493.89130434782606,
            "min": 155.64583333333334,
            "max": 734.4255319148937,
            "count": 25
        },
        "RocketCapabilities.Environment.EpisodeLength.sum": {
            "value": 22719.0,
            "min": 7471.0,
            "max": 34518.0,
            "count": 25
        },
        "RocketCapabilities.Environment.CumulativeReward.mean": {
            "value": -30.57429698927571,
            "min": -51.3672798693828,
            "max": 1.1218370855009805,
            "count": 25
        },
        "RocketCapabilities.Environment.CumulativeReward.sum": {
            "value": -1406.4176615066826,
            "min": -2362.8948739916086,
            "max": 53.84818010404706,
            "count": 25
        },
        "RocketCapabilities.Policy.ExtrinsicReward.mean": {
            "value": -30.57429698927571,
            "min": -51.3672798693828,
            "max": 1.1218370855009805,
            "count": 25
        },
        "RocketCapabilities.Policy.ExtrinsicReward.sum": {
            "value": -1406.4176615066826,
            "min": -2362.8948739916086,
            "max": 53.84818010404706,
            "count": 25
        },
        "RocketCapabilities.Policy.GailReward.mean": {
            "value": 72.34061185458837,
            "min": 31.617284137910854,
            "max": 132.52418420428623,
            "count": 25
        },
        "RocketCapabilities.Policy.GailReward.sum": {
            "value": 3327.668145311065,
            "min": 1517.629638619721,
            "max": 6096.1124733971665,
            "count": 25
        },
        "RocketCapabilities.Losses.PolicyLoss.mean": {
            "value": 0.023700668996510403,
            "min": 0.0185636033071205,
            "max": 0.029394238519792754,
            "count": 25
        },
        "RocketCapabilities.Losses.PolicyLoss.sum": {
            "value": 0.047401337993020806,
            "min": 0.02242507755290717,
            "max": 0.05878847703958551,
            "count": 25
        },
        "RocketCapabilities.Losses.ValueLoss.mean": {
            "value": 4.061671098073323,
            "min": 2.667758242289225,
            "max": 43.723750336964926,
            "count": 25
        },
        "RocketCapabilities.Losses.ValueLoss.sum": {
            "value": 8.123342196146647,
            "min": 3.210659992694855,
            "max": 43.723750336964926,
            "count": 25
        },
        "RocketCapabilities.Policy.LearningRate.mean": {
            "value": 6.1266979577999975e-06,
            "min": 6.1266979577999975e-06,
            "max": 0.00029371200209600003,
            "count": 25
        },
        "RocketCapabilities.Policy.LearningRate.sum": {
            "value": 1.2253395915599995e-05,
            "min": 1.2253395915599995e-05,
            "max": 0.0005685624104791999,
            "count": 25
        },
        "RocketCapabilities.Policy.Epsilon.mean": {
            "value": 0.10204219999999997,
            "min": 0.10204219999999997,
            "max": 0.19790400000000005,
            "count": 25
        },
        "RocketCapabilities.Policy.Epsilon.sum": {
            "value": 0.20408439999999994,
            "min": 0.1339734,
            "max": 0.3895208,
            "count": 25
        },
        "RocketCapabilities.Policy.Beta.mean": {
            "value": 0.00011190577999999998,
            "min": 0.00011190577999999998,
            "max": 0.004895409600000001,
            "count": 25
        },
        "RocketCapabilities.Policy.Beta.sum": {
            "value": 0.00022381155999999996,
            "min": 0.00022381155999999996,
            "max": 0.009477087920000002,
            "count": 25
        },
        "RocketCapabilities.Policy.GAILPolicyEstimate.mean": {
            "value": 0.255915156006813,
            "min": 0.23961641838153203,
            "max": 0.31170756636808317,
            "count": 25
        },
        "RocketCapabilities.Policy.GAILPolicyEstimate.sum": {
            "value": 0.511830312013626,
            "min": 0.24408081124226252,
            "max": 0.5198158452908198,
            "count": 25
        },
        "RocketCapabilities.Policy.GAILExpertEstimate.mean": {
            "value": 0.8343507419029872,
            "min": 0.7982812643051147,
            "max": 0.8428719609975814,
            "count": 25
        },
        "RocketCapabilities.Policy.GAILExpertEstimate.sum": {
            "value": 1.6687014838059744,
            "min": 0.7982812643051147,
            "max": 1.6857439219951629,
            "count": 25
        },
        "RocketCapabilities.Losses.GAILLoss.mean": {
            "value": 0.5077677582701048,
            "min": 0.47376544028520584,
            "max": 0.818567348519961,
            "count": 25
        },
        "RocketCapabilities.Losses.GAILLoss.sum": {
            "value": 1.0155355165402096,
            "min": 0.47791770299275715,
            "max": 1.0163587977488837,
            "count": 25
        },
        "RocketCapabilities.Policy.GAILGradMagLoss.mean": {
            "value": 0.23878129050135613,
            "min": 0.1622798634072145,
            "max": 1.0502212648590405,
            "count": 25
        },
        "RocketCapabilities.Policy.GAILGradMagLoss.sum": {
            "value": 0.47756258100271226,
            "min": 0.2833571384350459,
            "max": 1.0502212648590405,
            "count": 25
        },
        "RocketCapabilities.Losses.PretrainingLoss.mean": {
            "value": 0.2971810946861903,
            "min": 0.29038068652153015,
            "max": 0.3092872599760691,
            "count": 25
        },
        "RocketCapabilities.Losses.PretrainingLoss.sum": {
            "value": 0.5943621893723806,
            "min": 0.297253022591273,
            "max": 0.6185745199521382,
            "count": 25
        },
        "RocketCapabilities.IsTraining.mean": {
            "value": 1.0,
            "min": 1.0,
            "max": 1.0,
            "count": 25
        },
        "RocketCapabilities.IsTraining.sum": {
            "value": 1.0,
            "min": 1.0,
            "max": 1.0,
            "count": 25
        }
    },
    "metadata": {
        "timer_format_version": "0.1.0",
        "start_time_seconds": "1739593442",