{
    "name": "root",
    "gauges": {
        "RocketCapabilities.Policy.Entropy.mean": {
            "value": 0.57532799243927,
            "min": 0.5090690851211548,
            "max": 0.5980756282806396,
            "count": 25
        },
        "RocketCapabilities.Policy.Entropy.sum": {
            "value": 11557.1884765625,
            "min": 10890.796875,
            "max": 12143.328125,
            "count": 25
        },
        "RocketCapabilities.Step.mean": {
            "value": 499969.0,
            "min": 19987.0,
            "max": 499969.0,
            "count": 25
        },
        "RocketCapabilities.Step.sum": {
            "value": 499969.0,
            "min": 19987.0,
            "max": 499969.0,
            "count": 25
        },
        "RocketCapabilities.Policy.ExtrinsicValueEstimate.mean": {
            "value": 0.8351103663444519,
            "min": -0.06680992990732193,
            "max": 0.9943456053733826,
            "count": 25
        },
        "RocketCapabilities.Policy.ExtrinsicValueEstimate.sum": {
            "value": 282.2673034667969,
            "min": -23.450284957885742,
            "max": 337.0831604003906,
            "count": 25
        },
        "RocketCapabilities.Policy.GailValueEstimate.mean": {
            "value": 24.050153732299805,
            "min": 22.136402130126953,
            "max": 34.639827728271484,
            "count": 25
        },
        "RocketCapabilities.Policy.GailValueEstimate.sum": {
            "value": 8128.95166015625,
            "min": 7614.92236328125,
            "max": 12158.580078125,
            "count": 25
        },
        "RocketCapabilities.Environment.EpisodeLength.mean": {
            "value": 418.55737704918033,
            "min": 166.82894736842104,
            "max": 655.7894736842105,
            "count": 25
        },
        "RocketCapabilities.Environment.EpisodeLength.sum": {
            "value": 25532.0,
            "min": 9114.0,
            "max": 26620.0,
            "count": 25
        },
        "RocketCapabilities.Environment.CumulativeReward.mean": {
            "value": 1.4249993777665935,
            "min": -4.282348423853125,
            "max": 6.185661504437265,
            "count": 25
        },
        "RocketCapabilities.Environment.CumulativeReward.sum": {
            "value": 86.9249620437622,
            "min": -162.72924010641873,
            "max": 470.1102743372321,
            "count": 25
        },
        "RocketCapabilities.Policy.ExtrinsicReward.mean": {
            "value": 1.4249993777665935,
            "min": -4.282348423853125,
            "max": 6.185661504437265,
            "count": 25
        },
        "RocketCapabilities.Policy.ExtrinsicReward.sum": {
            "value": 86.9249620437622,
            "min": -162.72924010641873,
            "max": 470.1102743372321,
            "count": 25
        },
        "RocketCapabilities.Policy.GailReward.mean": {
            "value": 134.88353796962832,
            "min": 65.41592602196492,
            "max": 223.6096618551957,
            "count": 25
        },
        "RocketCapabilities.Policy.GailReward.sum": {
            "value": 8227.895816147327,
            "min": 3361.9074389338493,
            "max": 8583.327671349049,
            "count": 25
        },
        "RocketCapabilities.Losses.PolicyLoss.mean": {
            "value": 0.024299367400817572,
            "min": 0.019762916335215173,
            "max": 0.02606595930022498,
            "count": 25
        },
        "RocketCapabilities.Losses.PolicyLoss.sum": {
            "value": 0.048598734801635145,
            "min": 0.021179344256718954,
            "max": 0.05213191860044996,
            "count": 25
        },
        "RocketCapabilities.Losses.ValueLoss.mean": {
            "value": 2.1794016977151234,
            "min": 1.3380216389894486,
            "max": 15.18371954758962,
            "count": 25
        },
        "RocketCapabilities.Losses.ValueLoss.sum": {
            "value": 4.358803395430247,
            "min": 2.158126219113668,
            "max": 15.18371954758962,
            "count": 25
        },
        "RocketCapabilities.Policy.LearningRate.mean": {
            "value": 6.517297827600007e-06,
            "min": 6.517297827600007e-06,
            "max": 0.0002937804020731999,
            "count": 25
        },
        "RocketCapabilities.Policy.LearningRate.sum": {
            "value": 1.3034595655200014e-05,
            "min": 1.3034595655200014e-05,
            "max": 0.0005690784103071999,
            "count": 25
        },
        "RocketCapabilities.Policy.Epsilon.mean": {
            "value": 0.10217240000000002,
            "min": 0.10217240000000002,
            "max": 0.19792680000000004,
            "count": 25
        },
        "RocketCapabilities.Policy.Epsilon.sum": {
            "value": 0.20434480000000005,
            "min": 0.12998900000000005,
            "max": 0.38969279999999995,
            "count": 25
        },
        "RocketCapabilities.Policy.Beta.mean": {
            "value": 0.00011840276000000012,
            "min": 0.00011840276000000012,
            "max": 0.00489654732,
            "count": 25
        },
        "RocketCapabilities.Policy.Beta.sum": {
            "value": 0.00023680552000000023,
            "min": 0.00023680552000000023,
            "max": 0.009485670719999999,
            "count": 25
        },
        "RocketCapabilities.Policy.GAILPolicyEstimate.mean": {
            "value": 0.4770012175043424,
            "min": 0.4581454848249753,
            "max": 0.5013032173117001,
            "count": 25
        },
        "RocketCapabilities.Policy.GAILPolicyEstimate.sum": {
            "value": 0.9540024350086848,
            "min": 0.4685028185447057,
            "max": 0.963450413942337,
            "count": 25
        },
        "RocketCapabilities.Policy.GAILExpertEstimate.mean": {
            "value": 0.5383941183487575,
            "min": 0.5120230183005333,
            "max": 0.5637199540932973,
            "count": 25
        },
        "RocketCapabilities.Policy.GAILExpertEstimate.sum": {
            "value": 1.076788236697515,
            "min": 0.5141443779071172,
            "max": 1.1274399081865947,
            "count": 25
        },
        "RocketCapabilities.Losses.GAILLoss.mean": {
            "value": 1.3000903904438017,
            "min": 1.2271944999694824,
            "max": 1.8330730557441712,
            "count": 25
        },
        "RocketCapabilities.Losses.GAILLoss.sum": {
            "value": 2.6001807808876034,
            "min": 1.3007740418116251,
            "max": 2.698680301507314,
            "count": 25
        },
        "RocketCapabilities.Policy.GAILGradMagLoss.mean": {
            "value": 0.008683110789085428,
            "min": 0.006267030932940542,
            "max": 1.1673888179163139,
            "count": 25
        },
        "RocketCapabilities.Policy.GAILGradMagLoss.sum": {
            "value": 0.017366221578170856,
            "min": 0.007782295066863299,
            "max": 1.1673888179163139,
            "count": 25
        },
        "RocketCapabilities.Losses.PretrainingLoss.mean": {
            "value": 0.13254152238368988,
            "min": 0.13254152238368988,
            "max": 0.13816742971539497,
            "count": 25
        },
        "RocketCapabilities.Losses.PretrainingLoss.sum": {
            "value": 0.26508304476737976,
            "min": 0.1342769687374433,
            "max": 0.27633485943078995,
            "count": 25
        },
        "RocketCapabilities.IsTraining.mean": {
            "value": 1.0,
            "min": 1.0,
            "max": 1.0,
            "count": 25
        },
        "RocketCapabilities.IsTraining.sum": {
            "value": 1.0,
            "min": 1.0,
            "max": 1.0,
            "count": 25
        }
    },
    "metadata": {
        "timer_format_version": "0.1.0",
        "start_time_seconds": "1737780839",