{
    "name": "root",
    "gauges": {
        "RocketCapabilities.Policy.Entropy.mean": {
            "value": 0.5439100861549377,
            "min": -4.7683710135970614e-07,
            "max": 0.5863857269287109,
            "count": 25
        },
        "RocketCapabilities.Policy.Entropy.sum": {
            "value": 10749.8388671875,
            "min": -0.009462832473218441,
            "max": 11446.8359375,
            "count": 25
        },
        "RocketCapabilities.Step.mean": {
            "value": 499983.0,
            "min": 19959.0,
            "max": 499983.0,
            "count": 25
        },
        "RocketCapabilities.Step.sum": {
            "value": 499983.0,
            "min": 19959.0,
            "max": 499983.0,
            "count": 25
        },
        "RocketCapabilities.Policy.ExtrinsicValueEstimate.mean": {
            "value": -1.9312758445739746,
            "min": -4.890430450439453,
            "max": -1.147655963897705,
            "count": 25
        },
        "RocketCapabilities.Policy.ExtrinsicValueEstimate.sum": {
            "value": -660.496337890625,
            "min": -2714.18896484375,
            "max": -391.3506774902344,
            "count": 25
        },
        "RocketCapabilities.Policy.GailValueEstimate.mean": {
            "value": 11.8344144821167,
            "min": -0.4485759437084198,
            "max": 14.427203178405762,
            "count": 25
        },
        "RocketCapabilities.Policy.GailValueEstimate.sum": {
            "value": 4047.36962890625,
            "min": -169.56170654296875,
            "max": 5972.59033203125,
            "count": 25
        },
        "RocketCapabilities.Environment.EpisodeLength.mean": {
            "value": 225.86666666666667,
            "min": 34.77459749552773,
            "max": 384.9032258064516,
            "count": 25
        },
        "RocketCapabilities.Environment.EpisodeLength.sum": {
            "value": 13552.0,
            "min": 6144.0,
            "max": 34351.0,
            "count": 25
        },
        "RocketCapabilities.Environment.CumulativeReward.mean": {
            "value": -9.376665501544872,
            "min": -10.11677299259651,
            "max": -0.6577056469740691,
            "count": 25
        },
        "RocketCapabilities.Environment.CumulativeReward.sum": {
            "value": -562.5999300926924,
            "min": -4986.279096603394,
            "max": -35.51610493659973,
            "count": 25
        },
        "RocketCapabilities.Policy.ExtrinsicReward.mean": {
            "value": -9.376665501544872,
            "min": -10.11677299259651,
            "max": -0.6577056469740691,
            "count": 25
        },
        "RocketCapabilities.Policy.ExtrinsicReward.sum": {
            "value": -562.5999300926924,
            "min": -4986.279096603394,
            "max": -35.51610493659973,
            "count": 25
        },
        "RocketCapabilities.Policy.GailReward.mean": {
            "value": 47.41692032118638,
            "min": 6.242385781088541,
            "max": 97.76758163398311,
            "count": 25
        },
        "RocketCapabilities.Policy.GailReward.sum": {
            "value": 2845.015219271183,
            "min": 1763.4032412730157,
            "max": 7713.451772712171,
            "count": 25
        },
        "RocketCapabilities.Losses.PolicyLoss.mean": {
            "value": 0.025375299528241156,
            "min": 0.020868739280073594,
            "max": 0.07778032993276913,
            "count": 25
        },
        "RocketCapabilities.Losses.PolicyLoss.sum": {
            "value": 0.05075059905648231,
            "min": 0.04173747856014719,
            "max": 0.11352312671175846,
            "count": 25
        },
        "RocketCapabilities.Losses.ValueLoss.mean": {
            "value": 1.5504121045271555,
            "min": 0.4738377461830775,
            "max": 102.63016212383906,
            "count": 25
        },
        "RocketCapabilities.Losses.ValueLoss.sum": {
            "value": 3.100824209054311,
            "min": 0.947675492366155,
            "max": 102.63016212383906,
            "count": 25
        },
        "RocketCapabilities.Policy.LearningRate.mean": {
            "value": 6.423697858799998e-06,
            "min": 6.423697858799998e-06,
            "max": 0.00029385180204940007,
            "count": 25
        },
        "RocketCapabilities.Policy.LearningRate.sum": {
            "value": 1.2847395717599995e-05,
            "min": 1.2847395717599995e-05,
            "max": 0.000568968010344,
            "count": 25
        },
        "RocketCapabilities.Policy.Epsilon.mean": {
            "value": 0.10214119999999999,
            "min": 0.10214119999999999,
            "max": 0.1979506000000001,
            "count": 25
        },
        "RocketCapabilities.Policy.Epsilon.sum": {
            "value": 0.20428239999999998,
            "min": 0.12994679999999997,
            "max": 0.3896559999999999,
            "count": 25
        },
        "RocketCapabilities.Policy.Beta.mean": {
            "value": 0.00011684587999999994,
            "min": 0.00011684587999999994,
            "max": 0.0048977349400000005,
            "count": 25
        },
        "RocketCapabilities.Policy.Beta.sum": {
            "value": 0.00023369175999999987,
            "min": 0.00023369175999999987,
            "max": 0.0094838344,
            "count": 25
        },
        "RocketCapabilities.Policy.GAILPolicyEstimate.mean": {
            "value": 0.30841880838076274,
            "min": 0.2852977896730105,
            "max": 0.36039307397635034,
            "count": 25
        },
        "RocketCapabilities.Policy.GAILPolicyEstimate.sum": {
            "value": 0.6168376167615255,
            "min": 0.3185073663791021,
            "max": 0.6835261662801106,
            "count": 25
        },
        "RocketCapabilities.Policy.GAILExpertEstimate.mean": {
            "value": 0.749821467200915,
            "min": 0.7221789658069611,
            "max": 0.778107965985934,
            "count": 25
        },
        "RocketCapabilities.Policy.GAILExpertEstimate.sum": {
            "value": 1.49964293440183,
            "min": 0.7221789658069611,
            "max": 1.556215931971868,
            "count": 25
        },
        "RocketCapabilities.Losses.GAILLoss.mean": {
            "value": 0.7096201697985332,
            "min": 0.6454065422217051,
            "max": 1.076738832394282,
            "count": 25
        },
        "RocketCapabilities.Losses.GAILLoss.sum": {
            "value": 1.4192403395970663,
            "min": 0.720166003704071,
            "max": 1.7592889269193013,
            "count": 25
        },
        "RocketCapabilities.Policy.GAILGradMagLoss.mean": {
            "value": 0.10508434983591239,
            "min": 0.09538144506514074,
            "max": 0.9954892518619697,
            "count": 25
        },
        "RocketCapabilities.Policy.GAILGradMagLoss.sum": {
            "value": 0.21016869967182478,
            "min": 0.10390782033403714,
            "max": 1.6648312290509544,
            "count": 25
        },
        "RocketCapabilities.Losses.PretrainingLoss.mean": {
            "value": 0.24323839818437895,
            "min": 0.23916061636474395,
            "max": 1.5840527878867254,
            "count": 25
        },
        "RocketCapabilities.Losses.PretrainingLoss.sum": {
            "value": 0.4864767963687579,
            "min": 0.3449334998925527,
            "max": 3.168105575773451,
            "count": 25
        },
        "RocketCapabilities.IsTraining.mean": {
            "value": 1.0,
            "min": 1.0,
            "max": 1.0,
            "count": 25
        },
        "RocketCapabilities.IsTraining.sum": {
            "value": 1.0,
            "min": 1.0,
            "max": 1.0,
            "count": 25
        }
    },
    "metadata": {
        "timer_format_version": "0.1.0",
        "start_time_seconds": "1741399986",