{
    "name": "root",
    "gauges": {
        "RocketCapabilities.Policy.Entropy.mean": {
            "value": 0.683938205242157,
            "min": 0.0007730179931968451,
            "max": 0.7328981757164001,
            "count": 25
        },
        "RocketCapabilities.Policy.Entropy.sum": {
            "value": 13738.951171875,
            "min": 15.403156280517578,
            "max": 14485.0,
            "count": 25
        },
        "RocketCapabilities.Step.mean": {
            "value": 499954.0,
            "min": 19956.0,
            "max": 499954.0,
            "count": 25
        },
        "RocketCapabilities.Step.sum": {
            "value": 499954.0,
            "min": 19956.0,
            "max": 499954.0,
            "count": 25
        },
        "RocketCapabilities.Policy.ExtrinsicValueEstimate.mean": {
            "value": -4.438910007476807,
            "min": -6.974045276641846,
            "max": -1.2581989765167236,
            "count": 25
        },
        "RocketCapabilities.Policy.ExtrinsicValueEstimate.sum": {
            "value": -1495.91259765625,
            "min": -2531.578369140625,
            "max": -451.6934509277344,
            "count": 25
        },
        "RocketCapabilities.Policy.GailValueEstimate.mean": {
            "value": 13.121238708496094,
            "min": 7.932392120361328,
            "max": 28.456266403198242,
            "count": 25
        },
        "RocketCapabilities.Policy.GailValueEstimate.sum": {
            "value": 4421.857421875,
            "min": 2839.79638671875,
            "max": 10329.625,
            "count": 25
        },
        "RocketCapabilities.Environment.EpisodeLength.mean": {
            "value": 365.7962962962963,
            "min": 109.52222222222223,
            "max": 446.2708333333333,
            "count": 25
        },
        "RocketCapabilities.Environment.EpisodeLength.sum": {
            "value": 19753.0,
            "min": 11565.0,
            "max": 36328.0,
            "count": 25
        },
        "RocketCapabilities.Environment.CumulativeReward.mean": {
            "value": -20.072502714564216,
            "min": -37.994159586417176,
            "max": -2.025630238951526,
            "count": 25
        },
        "RocketCapabilities.Environment.CumulativeReward.sum": {
            "value": -1063.8426438719034,
            "min": -4158.459205150604,
            "max": -236.99873795732856,
            "count": 25
        },
        "RocketCapabilities.Policy.ExtrinsicReward.mean": {
            "value": -20.072502714564216,
            "min": -37.994159586417176,
            "max": -2.025630238951526,
            "count": 25
        },
        "RocketCapabilities.Policy.ExtrinsicReward.sum": {
            "value": -1063.8426438719034,
            "min": -4158.459205150604,
            "max": -236.99873795732856,
            "count": 25
        },
        "RocketCapabilities.Policy.GailReward.mean": {
            "value": 77.92189871354407,
            "min": 27.914091174666947,
            "max": 106.83567889447635,
            "count": 25
        },
        "RocketCapabilities.Policy.GailReward.sum": {
            "value": 4129.860631817835,
            "min": 2065.642746925354,
            "max": 19230.422201005742,
            "count": 25
        },
        "RocketCapabilities.Losses.PolicyLoss.mean": {
            "value": 0.024021239345893265,
            "min": 0.020513151198004682,
            "max": 0.05777437177797159,
            "count": 25
        },
        "RocketCapabilities.Losses.PolicyLoss.sum": {
            "value": 0.04804247869178653,
            "min": 0.025224482997631033,
            "max": 0.06852609558651844,
            "count": 25
        },
        "RocketCapabilities.Losses.ValueLoss.mean": {
            "value": 4.056120749314626,
            "min": 2.6749161799748737,
            "max": 112.01679793993631,
            "count": 25
        },
        "RocketCapabilities.Losses.ValueLoss.sum": {
            "value": 8.112241498629253,
            "min": 2.6749161799748737,
            "max": 224.03359587987262,
            "count": 25
        },
        "RocketCapabilities.Policy.LearningRate.mean": {
            "value": 6.087997970700002e-06,
            "min": 6.087997970700002e-06,
            "max": 0.00029378580207140004,
            "count": 25
        },
        "RocketCapabilities.Policy.LearningRate.sum": {
            "value": 1.2175995941400003e-05,
            "min": 1.2175995941400003e-05,
            "max": 0.0005689974103341999,
            "count": 25
        },
        "RocketCapabilities.Policy.Epsilon.mean": {
            "value": 0.10202929999999999,
            "min": 0.10202929999999999,
            "max": 0.1979286,
            "count": 25
        },
        "RocketCapabilities.Policy.Epsilon.sum": {
            "value": 0.20405859999999998,
            "min": 0.13803700000000005,
            "max": 0.38966579999999995,
            "count": 25
        },
        "RocketCapabilities.Policy.Beta.mean": {
            "value": 0.00011126207000000002,
            "min": 0.00011126207000000002,
            "max": 0.004896637139999998,
            "count": 25
        },
        "RocketCapabilities.Policy.Beta.sum": {
            "value": 0.00022252414000000005,
            "min": 0.00022252414000000005,
            "max": 0.00948432342,
            "count": 25
        },
        "RocketCapabilities.Policy.GAILPolicyEstimate.mean": {
            "value": 0.29366829544305806,
            "min": 0.17134121047564463,
            "max": 0.3271995981534322,
            "count": 25
        },
        "RocketCapabilities.Policy.GAILPolicyEstimate.sum": {
            "value": 0.5873365908861161,
            "min": 0.2922395557165146,
            "max": 0.6543991963068644,
            "count": 25
        },
        "RocketCapabilities.Policy.GAILExpertEstimate.mean": {
            "value": 0.8162500530481338,
            "min": 0.6338829134901365,
            "max": 0.8339601794878642,
            "count": 25
        },
        "RocketCapabilities.Policy.GAILExpertEstimate.sum": {
            "value": 1.6325001060962676,
            "min": 0.8001506964365641,
            "max": 1.6679203589757283,
            "count": 25
        },
        "RocketCapabilities.Losses.GAILLoss.mean": {
            "value": 0.5894099841515223,
            "min": 0.5459133749206861,
            "max": 3.8610523611307146,
            "count": 25
        },
        "RocketCapabilities.Losses.GAILLoss.sum": {
            "value": 1.1788199683030447,
            "min": 0.5773473997910817,
            "max": 7.722104722261429,
            "count": 25
        },
        "RocketCapabilities.Policy.GAILGradMagLoss.mean": {
            "value": 0.18871317505836488,
            "min": 0.17493495146433513,
            "max": 7.569680324445168,
            "count": 25
        },
        "RocketCapabilities.Policy.GAILGradMagLoss.sum": {
            "value": 0.37742635011672976,
            "min": 0.18782751311858495,
            "max": 15.139360648890335,
            "count": 25
        },
        "RocketCapabilities.Losses.PretrainingLoss.mean": {
            "value": 0.23243097215890884,
            "min": 0.23243097215890884,
            "max": 1.46601402759552,
            "count": 25
        },
        "RocketCapabilities.Losses.PretrainingLoss.sum": {
            "value": 0.4648619443178177,
            "min": 0.2526874889930089,
            "max": 2.93202805519104,
            "count": 25
        },
        "RocketCapabilities.IsTraining.mean": {
            "value": 1.0,
            "min": 1.0,
            "max": 1.0,
            "count": 25
        },
        "RocketCapabilities.IsTraining.sum": {
            "value": 1.0,
            "min": 1.0,
            "max": 1.0,
            "count": 25
        }
    },
    "metadata": {
        "timer_format_version": "0.1.0",
        "start_time_seconds": "1740195852",