{
    "name": "root",
    "gauges": {
        "RocketCapabilities.Policy.Entropy.mean": {
            "value": 0.3995138704776764,
            "min": -4.7683710135970614e-07,
            "max": 0.5434315204620361,
            "count": 25
        },
        "RocketCapabilities.Policy.Entropy.sum": {
            "value": 8122.5166015625,
            "min": -0.009385584853589535,
            "max": 10916.4521484375,
            "count": 25
        },
        "RocketCapabilities.Step.mean": {
            "value": 499956.0,
            "min": 19937.0,
            "max": 499956.0,
            "count": 25
        },
        "RocketCapabilities.Step.sum": {
            "value": 499956.0,
            "min": 19937.0,
            "max": 499956.0,
            "count": 25
        },
        "RocketCapabilities.Policy.ExtrinsicValueEstimate.mean": {
            "value": -2.2423388957977295,
            "min": -3.95035457611084,
            "max": -0.5171683430671692,
            "count": 25
        },
        "RocketCapabilities.Policy.ExtrinsicValueEstimate.sum": {
            "value": -813.9690551757812,
            "min": -2204.2978515625,
            "max": -201.69564819335938,
            "count": 25
        },
        "RocketCapabilities.Policy.GailValueEstimate.mean": {
            "value": 9.85635757446289,
            "min": 0.10580135881900787,
            "max": 11.72126293182373,
            "count": 25
        },
        "RocketCapabilities.Policy.GailValueEstimate.sum": {
            "value": 3577.857666015625,
            "min": 41.36833190917969,
            "max": 5110.470703125,
            "count": 25
        },
        "RocketCapabilities.Environment.EpisodeLength.mean": {
            "value": 215.73553719008265,
            "min": 34.85251798561151,
            "max": 373.890243902439,
            "count": 25
        },
        "RocketCapabilities.Environment.EpisodeLength.sum": {
            "value": 26104.0,
            "min": 4832.0,
            "max": 30659.0,
            "count": 25
        },
        "RocketCapabilities.Environment.CumulativeReward.mean": {
            "value": -7.497354486387623,
            "min": -8.94326759301699,
            "max": -1.0035175845850652,
            "count": 25
        },
        "RocketCapabilities.Environment.CumulativeReward.sum": {
            "value": -907.1798928529024,
            "min": -4976.659051895142,
            "max": -54.667218424379826,
            "count": 25
        },
        "RocketCapabilities.Policy.ExtrinsicReward.mean": {
            "value": -7.497354486387623,
            "min": -8.94326759301699,
            "max": -1.0035175845850652,
            "count": 25
        },
        "RocketCapabilities.Policy.ExtrinsicReward.sum": {
            "value": -907.1798928529024,
            "min": -4976.659051895142,
            "max": -54.667218424379826,
            "count": 25
        },
        "RocketCapabilities.Policy.GailReward.mean": {
            "value": 46.238237941021886,
            "min": 3.9658809383457156,
            "max": 101.65434096181174,
            "count": 25
        },
        "RocketCapabilities.Policy.GailReward.sum": {
            "value": 5594.826790863648,
            "min": 1399.4531680494547,
            "max": 8335.655958868563,
            "count": 25
        },
        "RocketCapabilities.Losses.PolicyLoss.mean": {
            "value": 0.02462707142500828,
            "min": 0.02017140449800839,
            "max": 0.12007692577317357,
            "count": 25
        },
        "RocketCapabilities.Losses.PolicyLoss.sum": {
            "value": 0.04925414285001656,
            "min": 0.027871607042228182,
            "max": 0.24015385154634714,
            "count": 25
        },
        "RocketCapabilities.Losses.ValueLoss.mean": {
            "value": 1.9547118524710336,
            "min": 0.44666006515423456,
            "max": 10.193667767445246,
            "count": 25
        },
        "RocketCapabilities.Losses.ValueLoss.sum": {
            "value": 3.9094237049420673,
            "min": 0.8933201303084691,
            "max": 20.387335534890493,
            "count": 25
        },
        "RocketCapabilities.Policy.LearningRate.mean": {
            "value": 6.2853979049e-06,
            "min": 6.2853979049e-06,
            "max": 0.0002938446020518,
            "count": 25
        },
        "RocketCapabilities.Policy.LearningRate.sum": {
            "value": 1.25707958098e-05,
            "min": 1.25707958098e-05,
            "max": 0.0005692314102562,
            "count": 25
        },
        "RocketCapabilities.Policy.Epsilon.mean": {
            "value": 0.10209510000000002,
            "min": 0.10209510000000002,
            "max": 0.1979482,
            "count": 25
        },
        "RocketCapabilities.Policy.Epsilon.sum": {
            "value": 0.20419020000000004,
            "min": 0.13404960000000002,
            "max": 0.3897438,
            "count": 25
        },
        "RocketCapabilities.Policy.Beta.mean": {
            "value": 0.00011454549000000004,
            "min": 0.00011454549000000004,
            "max": 0.004897615180000001,
            "count": 25
        },
        "RocketCapabilities.Policy.Beta.sum": {
            "value": 0.00022909098000000009,
            "min": 0.00022909098000000009,
            "max": 0.009488215620000004,
            "count": 25
        },
        "RocketCapabilities.Policy.GAILPolicyEstimate.mean": {
            "value": 0.3267231648166974,
            "min": 0.274298756758886,
            "max": 0.3646664003531138,
            "count": 25
        },
        "RocketCapabilities.Policy.GAILPolicyEstimate.sum": {
            "value": 0.6534463296333948,
            "min": 0.33461517592271167,
            "max": 0.7293328007062276,
            "count": 25
        },
        "RocketCapabilities.Policy.GAILExpertEstimate.mean": {
            "value": 0.7390737076600393,
            "min": 0.7027831127246221,
            "max": 0.7621380229791006,
            "count": 25
        },
        "RocketCapabilities.Policy.GAILExpertEstimate.sum": {
            "value": 1.4781474153200787,
            "min": 0.7214130024115245,
            "max": 1.5242760459582012,
            "count": 25
        },
        "RocketCapabilities.Losses.GAILLoss.mean": {
            "value": 0.7560310423374176,
            "min": 0.6730216523011525,
            "max": 1.267712730169296,
            "count": 25
        },
        "RocketCapabilities.Losses.GAILLoss.sum": {
            "value": 1.5120620846748352,
            "min": 0.7958471536636352,
            "max": 2.535425460338592,
            "count": 25
        },
        "RocketCapabilities.Policy.GAILGradMagLoss.mean": {
            "value": 0.10745384742816289,
            "min": 0.09640425046284994,
            "max": 2.2693973367412887,
            "count": 25
        },
        "RocketCapabilities.Policy.GAILGradMagLoss.sum": {
            "value": 0.21490769485632577,
            "min": 0.09640425046284994,
            "max": 4.5387946734825775,
            "count": 25
        },
        "RocketCapabilities.Losses.PretrainingLoss.mean": {
            "value": 0.3093251060280535,
            "min": 0.27279544704490233,
            "max": 2.22888359758589,
            "count": 25
        },
        "RocketCapabilities.Losses.PretrainingLoss.sum": {
            "value": 0.618650212056107,
            "min": 0.5455908940898047,
            "max": 4.45776719517178,
            "count": 25
        },
        "RocketCapabilities.IsTraining.mean": {
            "value": 1.0,
            "min": 1.0,
            "max": 1.0,
            "count": 25
        },
        "RocketCapabilities.IsTraining.sum": {
            "value": 1.0,
            "min": 1.0,
            "max": 1.0,
            "count": 25
        }
    },
    "metadata": {
        "timer_format_version": "0.1.0",
        "start_time_seconds": "1741398553",