{
    "name": "root",
    "gauges": {
        "RocketCapabilities.Policy.Entropy.mean": {
            "value": 0.5584290027618408,
            "min": 0.21351177990436554,
            "max": 0.5999706387519836,
            "count": 25
        },
        "RocketCapabilities.Policy.Entropy.sum": {
            "value": 11207.669921875,
            "min": 4265.96533203125,
            "max": 12009.01171875,
            "count": 25
        },
        "RocketCapabilities.Step.mean": {
            "value": 499990.0,
            "min": 19982.0,
            "max": 499990.0,
            "count": 25
        },
        "RocketCapabilities.Step.sum": {
            "value": 499990.0,
            "min": 19982.0,
            "max": 499990.0,
            "count": 25
        },
        "RocketCapabilities.Policy.ExtrinsicValueEstimate.mean": {
            "value": 0.42299777269363403,
            "min": -0.8099728226661682,
            "max": 0.5791447162628174,
            "count": 25
        },
        "RocketCapabilities.Policy.ExtrinsicValueEstimate.sum": {
            "value": 139.58926391601562,
            "min": -285.1104431152344,
            "max": 189.95947265625,
            "count": 25
        },
        "RocketCapabilities.Policy.GailValueEstimate.mean": {
            "value": 24.607364654541016,
            "min": 17.99802017211914,
            "max": 33.8494873046875,
            "count": 25
        },
        "RocketCapabilities.Policy.GailValueEstimate.sum": {
            "value": 8120.43017578125,
            "min": 6227.31494140625,
            "max": 11644.2236328125,
            "count": 25
        },
        "RocketCapabilities.Environment.EpisodeLength.mean": {
            "value": 741.6363636363636,
            "min": 115.4235294117647,
            "max": 1301.45,
            "count": 25
        },
        "RocketCapabilities.Environment.EpisodeLength.sum": {
            "value": 24474.0,
            "min": 11491.0,
            "max": 27323.0,
            "count": 25
        },
        "RocketCapabilities.Environment.CumulativeReward.mean": {
            "value": -0.3360940398591937,
            "min": -1.5,
            "max": 0.7404903897217342,
            "count": 25
        },
        "RocketCapabilities.Environment.CumulativeReward.sum": {
            "value": -11.091103315353394,
            "min": -175.5,
            "max": 41.467461824417114,
            "count": 25
        },
        "RocketCapabilities.Policy.ExtrinsicReward.mean": {
            "value": -0.3360940398591937,
            "min": -1.5,
            "max": 0.7404903897217342,
            "count": 25
        },
        "RocketCapabilities.Policy.ExtrinsicReward.sum": {
            "value": -11.091103315353394,
            "min": -175.5,
            "max": 41.467461824417114,
            "count": 25
        },
        "RocketCapabilities.Policy.GailReward.mean": {
            "value": 243.60915023991555,
            "min": 32.10335833257472,
            "max": 443.5399922698736,
            "count": 25
        },
        "RocketCapabilities.Policy.GailReward.sum": {
            "value": 8039.101957917213,
            "min": 3818.711977481842,
            "max": 22001.392140157666,
            "count": 25
        },
        "RocketCapabilities.Losses.PolicyLoss.mean": {
            "value": 0.023202898042897383,
            "min": 0.018301583469534914,
            "max": 0.028887443787728746,
            "count": 25
        },
        "RocketCapabilities.Losses.PolicyLoss.sum": {
            "value": 0.046405796085794766,
            "min": 0.02209064948062102,
            "max": 0.05777488757545749,
            "count": 25
        },
        "RocketCapabilities.Losses.ValueLoss.mean": {
            "value": 3.614048639933268,
            "min": 2.658091362317403,
            "max": 39.721200501918794,
            "count": 25
        },
        "RocketCapabilities.Losses.ValueLoss.sum": {
            "value": 7.228097279866536,
            "min": 2.658091362317403,
            "max": 79.44240100383759,
            "count": 25
        },
        "RocketCapabilities.Policy.LearningRate.mean": {
            "value": 7.073797642099989e-06,
            "min": 7.073797642099989e-06,
            "max": 0.0002938326020558,
            "count": 25
        },
        "RocketCapabilities.Policy.LearningRate.sum": {
            "value": 1.4147595284199979e-05,
            "min": 1.4147595284199979e-05,
            "max": 0.000569163010279,
            "count": 25
        },
        "RocketCapabilities.Policy.Epsilon.mean": {
            "value": 0.10235790000000003,
            "min": 0.10235790000000003,
            "max": 0.19794420000000007,
            "count": 25
        },
        "RocketCapabilities.Policy.Epsilon.sum": {
            "value": 0.20471580000000006,
            "min": 0.12599759999999996,
            "max": 0.389721,
            "count": 25
        },
        "RocketCapabilities.Policy.Beta.mean": {
            "value": 0.00012765920999999978,
            "min": 0.00012765920999999978,
            "max": 0.004897415580000001,
            "count": 25
        },
        "RocketCapabilities.Policy.Beta.sum": {
            "value": 0.00025531841999999955,
            "min": 0.00025531841999999955,
            "max": 0.009487077900000002,
            "count": 25
        },
        "RocketCapabilities.Policy.GAILPolicyEstimate.mean": {
            "value": 0.46234624534845353,
            "min": 0.36403734485308326,
            "max": 0.49456186244885125,
            "count": 25
        },
        "RocketCapabilities.Policy.GAILPolicyEstimate.sum": {
            "value": 0.9246924906969071,
            "min": 0.4832989007234573,
            "max": 0.9891237248977025,
            "count": 25
        },
        "RocketCapabilities.Policy.GAILExpertEstimate.mean": {
            "value": 0.5717823694149653,
            "min": 0.5474633832772573,
            "max": 0.6213432520627975,
            "count": 25
        },
        "RocketCapabilities.Policy.GAILExpertEstimate.sum": {
            "value": 1.1435647388299306,
            "min": 0.5700323934356372,
            "max": 1.242686504125595,
            "count": 25
        },
        "RocketCapabilities.Losses.GAILLoss.mean": {
            "value": 1.2281206806500753,
            "min": 1.0713203191757201,
            "max": 2.158356954654058,
            "count": 25
        },
        "RocketCapabilities.Losses.GAILLoss.sum": {
            "value": 2.4562413613001506,
            "min": 1.225906503200531,
            "max": 4.316713909308116,
            "count": 25
        },
        "RocketCapabilities.Policy.GAILGradMagLoss.mean": {
            "value": 0.01910562664270401,
            "min": 0.015877045256396136,
            "max": 3.474531351029873,
            "count": 25
        },
        "RocketCapabilities.Policy.GAILGradMagLoss.sum": {
            "value": 0.03821125328540802,
            "min": 0.024515402192870777,
            "max": 6.949062702059746,
            "count": 25
        },
        "RocketCapabilities.Losses.PretrainingLoss.mean": {
            "value": 0.1567070409655571,
            "min": 0.1556476429104805,
            "max": 0.651783029238383,
            "count": 25
        },
        "RocketCapabilities.Losses.PretrainingLoss.sum": {
            "value": 0.3134140819311142,
            "min": 0.15872007111708322,
            "max": 1.303566058476766,
            "count": 25
        },
        "RocketCapabilities.IsTraining.mean": {
            "value": 1.0,
            "min": 1.0,
            "max": 1.0,
            "count": 25
        },
        "RocketCapabilities.IsTraining.sum": {
            "value": 1.0,
            "min": 1.0,
            "max": 1.0,
            "count": 25
        }
    },
    "metadata": {
        "timer_format_version": "0.1.0",
        "start_time_seconds": "1737759076",