{
    "name": "root",
    "gauges": {
        "RocketCapabilities.Policy.Entropy.mean": {
            "value": 0.5526815056800842,
            "min": 0.4488133490085602,
            "max": 0.5807832479476929,
            "count": 25
        },
        "RocketCapabilities.Policy.Entropy.sum": {
            "value": 11112.2138671875,
            "min": 8991.5263671875,
            "max": 11645.865234375,
            "count": 25
        },
        "RocketCapabilities.Step.mean": {
            "value": 499997.0,
            "min": 19958.0,
            "max": 499997.0,
            "count": 25
        },
        "RocketCapabilities.Step.sum": {
            "value": 499997.0,
            "min": 19958.0,
            "max": 499997.0,
            "count": 25
        },
        "RocketCapabilities.Policy.ExtrinsicValueEstimate.mean": {
            "value": 0.22212761640548706,
            "min": -0.18937024474143982,
            "max": 0.38505855202674866,
            "count": 25
        },
        "RocketCapabilities.Policy.ExtrinsicValueEstimate.sum": {
            "value": 73.52423858642578,
            "min": -61.73469924926758,
            "max": 122.44862365722656,
            "count": 25
        },
        "RocketCapabilities.Policy.GailValueEstimate.mean": {
            "value": 27.37106704711914,
            "min": 23.770193099975586,
            "max": 31.0693416595459,
            "count": 25
        },
        "RocketCapabilities.Policy.GailValueEstimate.sum": {
            "value": 9059.8232421875,
            "min": 7677.7724609375,
            "max": 10004.328125,
            "count": 25
        },
        "RocketCapabilities.Environment.EpisodeLength.mean": {
            "value": 488.3809523809524,
            "min": 317.13513513513516,
            "max": 1640.2727272727273,
            "count": 25
        },
        "RocketCapabilities.Environment.EpisodeLength.sum": {
            "value": 20512.0,
            "min": 7391.0,
            "max": 31340.0,
            "count": 25
        },
        "RocketCapabilities.Environment.CumulativeReward.mean": {
            "value": 0.7712561434489631,
            "min": -9.163332817067081,
            "max": 1.3194297632584586,
            "count": 25
        },
        "RocketCapabilities.Environment.CumulativeReward.sum": {
            "value": 32.39275802485645,
            "min": -109.95999380480498,
            "max": 51.45776076707989,
            "count": 25
        },
        "RocketCapabilities.Policy.ExtrinsicReward.mean": {
            "value": 0.7712561434489631,
            "min": -9.163332817067081,
            "max": 1.3194297632584586,
            "count": 25
        },
        "RocketCapabilities.Policy.ExtrinsicReward.sum": {
            "value": 32.39275802485645,
            "min": -109.95999380480498,
            "max": 51.45776076707989,
            "count": 25
        },
        "RocketCapabilities.Policy.GailReward.mean": {
            "value": 164.88149283045814,
            "min": 75.6296534486439,
            "max": 567.6752919654051,
            "count": 25
        },
        "RocketCapabilities.Policy.GailReward.sum": {
            "value": 6925.022698879242,
            "min": 1739.4820293188095,
            "max": 11828.115665435791,
            "count": 25
        },
        "RocketCapabilities.Losses.PolicyLoss.mean": {
            "value": 0.017679061895857256,
            "min": 0.017679061895857256,
            "max": 0.028148300130851567,
            "count": 25
        },
        "RocketCapabilities.Losses.PolicyLoss.sum": {
            "value": 0.03535812379171451,
            "min": 0.02342895179366072,
            "max": 0.056296600261703134,
            "count": 25
        },
        "RocketCapabilities.Losses.ValueLoss.mean": {
            "value": 2.0659028430779776,
            "min": 1.6867225209871928,
            "max": 9.784114543596903,
            "count": 25
        },
        "RocketCapabilities.Losses.ValueLoss.sum": {
            "value": 4.131805686155955,
            "min": 2.20622740983963,
            "max": 19.568229087193806,
            "count": 25
        },
        "RocketCapabilities.Policy.LearningRate.mean": {
            "value": 7.080997639699994e-06,
            "min": 7.080997639699994e-06,
            "max": 0.0002938308020564,
            "count": 25
        },
        "RocketCapabilities.Policy.LearningRate.sum": {
            "value": 1.4161995279399988e-05,
            "min": 1.4161995279399988e-05,
            "max": 0.0005692044102651999,
            "count": 25
        },
        "RocketCapabilities.Policy.Epsilon.mean": {
            "value": 0.10236030000000004,
            "min": 0.10236030000000004,
            "max": 0.19794360000000005,
            "count": 25
        },
        "RocketCapabilities.Policy.Epsilon.sum": {
            "value": 0.20472060000000009,
            "min": 0.12599060000000004,
            "max": 0.38973480000000005,
            "count": 25
        },
        "RocketCapabilities.Policy.Beta.mean": {
            "value": 0.00012777896999999997,
            "min": 0.00012777896999999997,
            "max": 0.00489738564,
            "count": 25
        },
        "RocketCapabilities.Policy.Beta.sum": {
            "value": 0.00025555793999999994,
            "min": 0.00025555793999999994,
            "max": 0.009487766520000003,
            "count": 25
        },
        "RocketCapabilities.Policy.GAILPolicyEstimate.mean": {
            "value": 0.49142050196727116,
            "min": 0.42803496718406675,
            "max": 0.517786284784476,
            "count": 25
        },
        "RocketCapabilities.Policy.GAILPolicyEstimate.sum": {
            "value": 0.9828410039345423,
            "min": 0.4779225381712119,
            "max": 1.035572569568952,
            "count": 25
        },
        "RocketCapabilities.Policy.GAILExpertEstimate.mean": {
            "value": 0.5114360451698303,
            "min": 0.48884364316860834,
            "max": 0.543251704176267,
            "count": 25
        },
        "RocketCapabilities.Policy.GAILExpertEstimate.sum": {
            "value": 1.0228720903396606,
            "min": 0.48912595510482787,
            "max": 1.086503408352534,
            "count": 25
        },
        "RocketCapabilities.Losses.GAILLoss.mean": {
            "value": 1.3632194121678671,
            "min": 1.2561827301979065,
            "max": 2.122521682580312,
            "count": 25
        },
        "RocketCapabilities.Losses.GAILLoss.sum": {
            "value": 2.7264388243357343,
            "min": 1.3855991085370383,
            "max": 2.8107851942380266,
            "count": 25
        },
        "RocketCapabilities.Policy.GAILGradMagLoss.mean": {
            "value": 0.005260895596196254,
            "min": 0.0048668186451929305,
            "max": 1.8803358316421508,
            "count": 25
        },
        "RocketCapabilities.Policy.GAILGradMagLoss.sum": {
            "value": 0.010521791192392507,
            "min": 0.009733637290385861,
            "max": 1.8803358316421508,
            "count": 25
        },
        "RocketCapabilities.Losses.PretrainingLoss.mean": {
            "value": 0.13737734779715538,
            "min": 0.13737734779715538,
            "max": 0.3348483095566432,
            "count": 25
        },
        "RocketCapabilities.Losses.PretrainingLoss.sum": {
            "value": 0.27475469559431076,
            "min": 0.13891429702440897,
            "max": 0.5607456515232723,
            "count": 25
        },
        "RocketCapabilities.IsTraining.mean": {
            "value": 1.0,
            "min": 1.0,
            "max": 1.0,
            "count": 25
        },
        "RocketCapabilities.IsTraining.sum": {
            "value": 1.0,
            "min": 1.0,
            "max": 1.0,
            "count": 25
        }
    },
    "metadata": {
        "timer_format_version": "0.1.0",
        "start_time_seconds": "1737777904",