{
    "name": "root",
    "gauges": {
        "RocketCapabilities.Policy.Entropy.mean": {
            "value": 0.868097186088562,
            "min": 0.788533627986908,
            "max": 0.9999406337738037,
            "count": 25
        },
        "RocketCapabilities.Policy.Entropy.sum": {
            "value": 17157.072265625,
            "min": 15779.21484375,
            "max": 20107.978515625,
            "count": 25
        },
        "RocketCapabilities.Step.mean": {
            "value": 499951.0,
            "min": 19985.0,
            "max": 499951.0,
            "count": 25
        },
        "RocketCapabilities.Step.sum": {
            "value": 499951.0,
            "min": 19985.0,
            "max": 499951.0,
            "count": 25
        },
        "RocketCapabilities.Policy.ExtrinsicValueEstimate.mean": {
            "value": -2.1765408515930176,
            "min": -2.433711290359497,
            "max": 0.5446667671203613,
            "count": 25
        },
        "RocketCapabilities.Policy.ExtrinsicValueEstimate.sum": {
            "value": -750.9066162109375,
            "min": -863.9674682617188,
            "max": 191.17803955078125,
            "count": 25
        },
        "RocketCapabilities.Policy.GailValueEstimate.mean": {
            "value": 14.411094665527344,
            "min": 11.154106140136719,
            "max": 16.291074752807617,
            "count": 25
        },
        "RocketCapabilities.Policy.GailValueEstimate.sum": {
            "value": 4971.82763671875,
            "min": 4048.9404296875,
            "max": 5783.33154296875,
            "count": 25
        },
        "RocketCapabilities.Environment.EpisodeLength.mean": {
            "value": 313.76119402985074,
            "min": 150.24,
            "max": 479.30555555555554,
            "count": 25
        },
        "RocketCapabilities.Environment.EpisodeLength.sum": {
            "value": 21022.0,
            "min": 14260.0,
            "max": 34510.0,
            "count": 25
        },
        "RocketCapabilities.Environment.CumulativeReward.mean": {
            "value": -10.041804653439504,
            "min": -24.373279022311586,
            "max": 1.924001735144405,
            "count": 25
        },
        "RocketCapabilities.Environment.CumulativeReward.sum": {
            "value": -672.8009117804468,
            "min": -1754.876089606434,
            "max": 178.93216136842966,
            "count": 25
        },
        "RocketCapabilities.Policy.ExtrinsicReward.mean": {
            "value": -10.041804653439504,
            "min": -24.373279022311586,
            "max": 1.924001735144405,
            "count": 25
        },
        "RocketCapabilities.Policy.ExtrinsicReward.sum": {
            "value": -672.8009117804468,
            "min": -1754.876089606434,
            "max": 178.93216136842966,
            "count": 25
        },
        "RocketCapabilities.Policy.GailReward.mean": {
            "value": 98.5052351493444,
            "min": 31.341747164215533,
            "max": 104.5869164130547,
            "count": 25
        },
        "RocketCapabilities.Policy.GailReward.sum": {
            "value": 6599.850755006075,
            "min": 2914.7824862720445,
            "max": 7530.257981739938,
            "count": 25
        },
        "RocketCapabilities.Losses.PolicyLoss.mean": {
            "value": 0.022194681533922754,
            "min": 0.01832270505838096,
            "max": 0.028070925478823484,
            "count": 25
        },
        "RocketCapabilities.Losses.PolicyLoss.sum": {
            "value": 0.04438936306784551,
            "min": 0.024805652846892675,
            "max": 0.05614185095764697,
            "count": 25
        },
        "RocketCapabilities.Losses.ValueLoss.mean": {
            "value": 6.38189849058787,
            "min": 2.0362721820672354,
            "max": 7.250404262542725,
            "count": 25
        },
        "RocketCapabilities.Losses.ValueLoss.sum": {
            "value": 12.76379698117574,
            "min": 4.072544364134471,
            "max": 14.50080852508545,
            "count": 25
        },
        "RocketCapabilities.Policy.LearningRate.mean": {
            "value": 6.362497879199984e-06,
            "min": 6.362497879199984e-06,
            "max": 0.0002938476020507999,
            "count": 25
        },
        "RocketCapabilities.Policy.LearningRate.sum": {
            "value": 1.2724995758399967e-05,
            "min": 1.2724995758399967e-05,
            "max": 0.0005692356102547999,
            "count": 25
        },
        "RocketCapabilities.Policy.Epsilon.mean": {
            "value": 0.1021208,
            "min": 0.1021208,
            "max": 0.19794920000000002,
            "count": 25
        },
        "RocketCapabilities.Policy.Epsilon.sum": {
            "value": 0.2042416,
            "min": 0.134052,
            "max": 0.38974520000000007,
            "count": 25
        },
        "RocketCapabilities.Policy.Beta.mean": {
            "value": 0.00011582791999999973,
            "min": 0.00011582791999999973,
            "max": 0.00489766508,
            "count": 25
        },
        "RocketCapabilities.Policy.Beta.sum": {
            "value": 0.00023165583999999945,
            "min": 0.00023165583999999945,
            "max": 0.009488285479999999,
            "count": 25
        },
        "RocketCapabilities.Policy.GAILPolicyEstimate.mean": {
            "value": 0.32069044485688214,
            "min": 0.29693094119429586,
            "max": 0.3585494463021556,
            "count": 25
        },
        "RocketCapabilities.Policy.GAILPolicyEstimate.sum": {
            "value": 0.6413808897137643,
            "min": 0.3121129443248113,
            "max": 0.7040780435005823,
            "count": 25
        },
        "RocketCapabilities.Policy.GAILExpertEstimate.mean": {
            "value": 0.7845062683025996,
            "min": 0.7405220528443655,
            "max": 0.7990780413150788,
            "count": 25
        },
        "RocketCapabilities.Policy.GAILExpertEstimate.sum": {
            "value": 1.5690125366051992,
            "min": 0.7405220528443655,
            "max": 1.5981560826301575,
            "count": 25
        },
        "RocketCapabilities.Losses.GAILLoss.mean": {
            "value": 0.7077515999476115,
            "min": 0.6285984714825947,
            "max": 1.3019708156585694,
            "count": 25
        },
        "RocketCapabilities.Losses.GAILLoss.sum": {
            "value": 1.415503199895223,
            "min": 0.6525264660517375,
            "max": 1.5086515645186107,
            "count": 25
        },
        "RocketCapabilities.Policy.GAILGradMagLoss.mean": {
            "value": 0.299077171087265,
            "min": 0.15953617443641027,
            "max": 2.085447750488917,
            "count": 25
        },
        "RocketCapabilities.Policy.GAILGradMagLoss.sum": {
            "value": 0.59815434217453,
            "min": 0.17884528934955596,
            "max": 2.085447750488917,
            "count": 25
        },
        "RocketCapabilities.Losses.PretrainingLoss.mean": {
            "value": 0.1942275290687879,
            "min": 0.1942275290687879,
            "max": 0.2227616310119629,
            "count": 25
        },
        "RocketCapabilities.Losses.PretrainingLoss.sum": {
            "value": 0.3884550581375758,
            "min": 0.20175136625766754,
            "max": 0.4438772052526474,
            "count": 25
        },
        "RocketCapabilities.IsTraining.mean": {
            "value": 1.0,
            "min": 1.0,
            "max": 1.0,
            "count": 25
        },
        "RocketCapabilities.IsTraining.sum": {
            "value": 1.0,
            "min": 1.0,
            "max": 1.0,
            "count": 25
        }
    },
    "metadata": {
        "timer_format_version": "0.1.0",
        "start_time_seconds": "1740197494",