{
    "name": "root",
    "gauges": {
        "RocketCapabilities.Policy.Entropy.mean": {
            "value": 0.5098548531532288,
            "min": 0.472003310918808,
            "max": 0.5638409852981567,
            "count": 25
        },
        "RocketCapabilities.Policy.Entropy.sum": {
            "value": 10241.96484375,
            "min": 9519.8349609375,
            "max": 11417.7802734375,
            "count": 25
        },
        "RocketCapabilities.Step.mean": {
            "value": 499973.0,
            "min": 19995.0,
            "max": 499973.0,
            "count": 25
        },
        "RocketCapabilities.Step.sum": {
            "value": 499973.0,
            "min": 19995.0,
            "max": 499973.0,
            "count": 25
        },
        "RocketCapabilities.Policy.ExtrinsicValueEstimate.mean": {
            "value": 0.2979018986225128,
            "min": -0.5572170615196228,
            "max": 1.9468507766723633,
            "count": 25
        },
        "RocketCapabilities.Policy.ExtrinsicValueEstimate.sum": {
            "value": 109.62789916992188,
            "min": -212.29969787597656,
            "max": 718.387939453125,
            "count": 25
        },
        "RocketCapabilities.Policy.GailValueEstimate.mean": {
            "value": 9.408854484558105,
            "min": 8.471687316894531,
            "max": 11.281975746154785,
            "count": 25
        },
        "RocketCapabilities.Policy.GailValueEstimate.sum": {
            "value": 3462.45849609375,
            "min": 3142.99609375,
            "max": 4196.89501953125,
            "count": 25
        },
        "RocketCapabilities.Environment.EpisodeLength.mean": {
            "value": 134.38620689655173,
            "min": 127.82835820895522,
            "max": 136.22448979591837,
            "count": 25
        },
        "RocketCapabilities.Environment.EpisodeLength.sum": {
            "value": 19486.0,
            "min": 17129.0,
            "max": 20804.0,
            "count": 25
        },
        "RocketCapabilities.Environment.CumulativeReward.mean": {
            "value": 2.9334535621877373,
            "min": -1.1989257482331503,
            "max": 4.072859324087762,
            "count": 25
        },
        "RocketCapabilities.Environment.CumulativeReward.sum": {
            "value": 425.3507665172219,
            "min": -190.6291939690709,
            "max": 639.4389138817787,
            "count": 25
        },
        "RocketCapabilities.Policy.ExtrinsicReward.mean": {
            "value": 2.9334535621877373,
            "min": -1.1989257482331503,
            "max": 4.072859324087762,
            "count": 25
        },
        "RocketCapabilities.Policy.ExtrinsicReward.sum": {
            "value": 425.3507665172219,
            "min": -190.6291939690709,
            "max": 639.4389138817787,
            "count": 25
        },
        "RocketCapabilities.Policy.GailReward.mean": {
            "value": 32.14225023553289,
            "min": 25.713039807168542,
            "max": 34.408889651492046,
            "count": 25
        },
        "RocketCapabilities.Policy.GailReward.sum": {
            "value": 4660.626284152269,
            "min": 3978.736404404044,
            "max": 5298.969006329775,
            "count": 25
        },
        "RocketCapabilities.Losses.PolicyLoss.mean": {
            "value": 0.026704213574218254,
            "min": 0.019312901391337317,
            "max": 0.029562649340368806,
            "count": 25
        },
        "RocketCapabilities.Losses.PolicyLoss.sum": {
            "value": 0.05340842714843651,
            "min": 0.02238525276382764,
            "max": 0.05912529868073761,
            "count": 25
        },
        "RocketCapabilities.Losses.ValueLoss.mean": {
            "value": 3.8188114047050474,
            "min": 2.4628575543562574,
            "max": 34.50016158421834,
            "count": 25
        },
        "RocketCapabilities.Losses.ValueLoss.sum": {
            "value": 7.637622809410095,
            "min": 3.050694457689921,
            "max": 34.50016158421834,
            "count": 25
        },
        "RocketCapabilities.Policy.LearningRate.mean": {
            "value": 6.421297859599995e-06,
            "min": 6.421297859599995e-06,
            "max": 0.00029383800205399997,
            "count": 25
        },
        "RocketCapabilities.Policy.LearningRate.sum": {
            "value": 1.284259571919999e-05,
            "min": 1.284259571919999e-05,
            "max": 0.0005691648102784,
            "count": 25
        },
        "RocketCapabilities.Policy.Epsilon.mean": {
            "value": 0.10214039999999999,
            "min": 0.10214039999999999,
            "max": 0.197946,
            "count": 25
        },
        "RocketCapabilities.Policy.Epsilon.sum": {
            "value": 0.20428079999999998,
            "min": 0.12998820000000003,
            "max": 0.3897216000000001,
            "count": 25
        },
        "RocketCapabilities.Policy.Beta.mean": {
            "value": 0.00011680595999999987,
            "min": 0.00011680595999999987,
            "max": 0.0048975054,
            "count": 25
        },
        "RocketCapabilities.Policy.Beta.sum": {
            "value": 0.00023361191999999974,
            "min": 0.00023361191999999974,
            "max": 0.009487107840000002,
            "count": 25
        },
        "RocketCapabilities.Policy.GAILPolicyEstimate.mean": {
            "value": 0.34807913849751154,
            "min": 0.3388008733590444,
            "max": 0.38673426111539205,
            "count": 25
        },
        "RocketCapabilities.Policy.GAILPolicyEstimate.sum": {
            "value": 0.6961582769950231,
            "min": 0.35465359886487324,
            "max": 0.7734685222307841,
            "count": 25
        },
        "RocketCapabilities.Policy.GAILExpertEstimate.mean": {
            "value": 0.7419647246599197,
            "min": 0.7314808775981267,
            "max": 0.7512287298838298,
            "count": 25
        },
        "RocketCapabilities.Policy.GAILExpertEstimate.sum": {
            "value": 1.4839294493198394,
            "min": 0.7349878251552582,
            "max": 1.5024574597676597,
            "count": 25
        },
        "RocketCapabilities.Losses.GAILLoss.mean": {
            "value": 0.829269673426946,
            "min": 0.829269673426946,
            "max": 0.9719040155410767,
            "count": 25
        },
        "RocketCapabilities.Losses.GAILLoss.sum": {
            "value": 1.658539346853892,
            "min": 0.8518164376417796,
            "max": 1.9438080310821535,
            "count": 25
        },
        "RocketCapabilities.Policy.GAILGradMagLoss.mean": {
            "value": 0.06558898761868476,
            "min": 0.056793839049835995,
            "max": 0.38514493852853776,
            "count": 25
        },
        "RocketCapabilities.Policy.GAILGradMagLoss.sum": {
            "value": 0.13117797523736952,
            "min": 0.06006883072356383,
            "max": 0.7081644491602977,
            "count": 25
        },
        "RocketCapabilities.Losses.PretrainingLoss.mean": {
            "value": 0.264686854603963,
            "min": 0.264686854603963,
            "max": 0.28747258321023905,
            "count": 25
        },
        "RocketCapabilities.Losses.PretrainingLoss.sum": {
            "value": 0.529373709207926,
            "min": 0.2685427099275283,
            "max": 0.5749451664204781,
            "count": 25
        },
        "RocketCapabilities.IsTraining.mean": {
            "value": 1.0,
            "min": 1.0,
            "max": 1.0,
            "count": 25
        },
        "RocketCapabilities.IsTraining.sum": {
            "value": 1.0,
            "min": 1.0,
            "max": 1.0,
            "count": 25
        }
    },
    "metadata": {
        "timer_format_version": "0.1.0",
        "start_time_seconds": "1745632673",