{
    "name": "root",
    "gauges": {
        "RocketCapabilities.Policy.Entropy.mean": {
            "value": 0.5700080394744873,
            "min": 0.49625739455223083,
            "max": 0.6122808456420898,
            "count": 25
        },
        "RocketCapabilities.Policy.Entropy.sum": {
            "value": 11378.5,
            "min": 9915.22265625,
            "max": 12178.265625,
            "count": 25
        },
        "RocketCapabilities.Step.mean": {
            "value": 499963.0,
            "min": 19983.0,
            "max": 499963.0,
            "count": 25
        },
        "RocketCapabilities.Step.sum": {
            "value": 499963.0,
            "min": 19983.0,
            "max": 499963.0,
            "count": 25
        },
        "RocketCapabilities.Policy.ExtrinsicValueEstimate.mean": {
            "value": 0.22824594378471375,
            "min": 0.08259572088718414,
            "max": 0.421419233083725,
            "count": 25
        },
        "RocketCapabilities.Policy.ExtrinsicValueEstimate.sum": {
            "value": 74.86466979980469,
            "min": 26.430631637573242,
            "max": 135.69699096679688,
            "count": 25
        },
        "RocketCapabilities.Policy.GailValueEstimate.mean": {
            "value": 30.392372131347656,
            "min": 22.883310317993164,
            "max": 35.36243438720703,
            "count": 25
        },
        "RocketCapabilities.Policy.GailValueEstimate.sum": {
            "value": 9968.6982421875,
            "min": 7803.20849609375,
            "max": 11315.978515625,
            "count": 25
        },
        "RocketCapabilities.Environment.EpisodeLength.mean": {
            "value": 1011.1,
            "min": 255.26785714285714,
            "max": 1595.142857142857,
            "count": 25
        },
        "RocketCapabilities.Environment.EpisodeLength.sum": {
            "value": 30333.0,
            "min": 12204.0,
            "max": 30333.0,
            "count": 25
        },
        "RocketCapabilities.Environment.CumulativeReward.mean": {
            "value": 1.1009486397107442,
            "min": -1.2786020499009352,
            "max": 1.2920242216851976,
            "count": 25
        },
        "RocketCapabilities.Environment.CumulativeReward.sum": {
            "value": 33.02845919132233,
            "min": -33.243653297424316,
            "max": 54.43247401714325,
            "count": 25
        },
        "RocketCapabilities.Policy.ExtrinsicReward.mean": {
            "value": 1.1009486397107442,
            "min": -1.2786020499009352,
            "max": 1.2920242216851976,
            "count": 25
        },
        "RocketCapabilities.Policy.ExtrinsicReward.sum": {
            "value": 33.02845919132233,
            "min": -33.243653297424316,
            "max": 54.43247401714325,
            "count": 25
        },
        "RocketCapabilities.Policy.GailReward.mean": {
            "value": 332.50625406304994,
            "min": 90.09420024071422,
            "max": 729.1250609244619,
            "count": 25
        },
        "RocketCapabilities.Policy.GailReward.sum": {
            "value": 9975.187621891499,
            "min": 4063.1704087257385,
            "max": 10207.750852942467,
            "count": 25
        },
        "RocketCapabilities.Losses.PolicyLoss.mean": {
            "value": 0.020326232103010017,
            "min": 0.015590491301069657,
            "max": 0.02884183751884848,
            "count": 25
        },
        "RocketCapabilities.Losses.PolicyLoss.sum": {
            "value": 0.040652464206020034,
            "min": 0.015590491301069657,
            "max": 0.05768367503769696,
            "count": 25
        },
        "RocketCapabilities.Losses.ValueLoss.mean": {
            "value": 3.3677031636238097,
            "min": 2.4589916865030927,
            "max": 6.913428342342376,
            "count": 25
        },
        "RocketCapabilities.Losses.ValueLoss.sum": {
            "value": 6.7354063272476195,
            "min": 2.787666018803914,
            "max": 13.826856684684753,
            "count": 25
        },
        "RocketCapabilities.Policy.LearningRate.mean": {
            "value": 7.223797592099991e-06,
            "min": 7.223797592099991e-06,
            "max": 0.0002938374020542,
            "count": 25
        },
        "RocketCapabilities.Policy.LearningRate.sum": {
            "value": 1.4447595184199983e-05,
            "min": 1.4447595184199983e-05,
            "max": 0.0005692224102592,
            "count": 25
        },
        "RocketCapabilities.Policy.Epsilon.mean": {
            "value": 0.1024079,
            "min": 0.1024079,
            "max": 0.19794580000000003,
            "count": 25
        },
        "RocketCapabilities.Policy.Epsilon.sum": {
            "value": 0.2048158,
            "min": 0.12603920000000005,
            "max": 0.38974080000000005,
            "count": 25
        },
        "RocketCapabilities.Policy.Beta.mean": {
            "value": 0.0001301542099999998,
            "min": 0.0001301542099999998,
            "max": 0.004897495420000001,
            "count": 25
        },
        "RocketCapabilities.Policy.Beta.sum": {
            "value": 0.0002603084199999996,
            "min": 0.0002603084199999996,
            "max": 0.009488065920000002,
            "count": 25
        },
        "RocketCapabilities.Policy.GAILPolicyEstimate.mean": {
            "value": 0.463098340233167,
            "min": 0.4374144211411476,
            "max": 0.4928207884232203,
            "count": 25
        },
        "RocketCapabilities.Policy.GAILPolicyEstimate.sum": {
            "value": 0.926196680466334,
            "min": 0.4716760615507762,
            "max": 0.9368066092332203,
            "count": 25
        },
        "RocketCapabilities.Policy.GAILExpertEstimate.mean": {
            "value": 0.5652602712313334,
            "min": 0.5568498363097509,
            "max": 0.6083755662043889,
            "count": 25
        },
        "RocketCapabilities.Policy.GAILExpertEstimate.sum": {
            "value": 1.1305205424626668,
            "min": 0.5742412219444911,
            "max": 1.2167511324087779,
            "count": 25
        },
        "RocketCapabilities.Losses.GAILLoss.mean": {
            "value": 1.237196922302246,
            "min": 1.1437369366486867,
            "max": 1.9454947193463643,
            "count": 25
        },
        "RocketCapabilities.Losses.GAILLoss.sum": {
            "value": 2.474393844604492,
            "min": 1.2355530182520549,
            "max": 2.7931479930877687,
            "count": 25
        },
        "RocketCapabilities.Policy.GAILGradMagLoss.mean": {
            "value": 0.013077447928177815,
            "min": 0.01137795044730107,
            "max": 1.7064221646015842,
            "count": 25
        },
        "RocketCapabilities.Policy.GAILGradMagLoss.sum": {
            "value": 0.02615489585635563,
            "min": 0.01137795044730107,
            "max": 1.7064221646015842,
            "count": 25
        },
        "RocketCapabilities.Losses.PretrainingLoss.mean": {
            "value": 0.152998889485995,
            "min": 0.152998889485995,
            "max": 0.17984655747811,
            "count": 25
        },
        "RocketCapabilities.Losses.PretrainingLoss.sum": {
            "value": 0.30599777897199,
            "min": 0.15803082287311554,
            "max": 0.35969311495622,
            "count": 25
        },
        "RocketCapabilities.IsTraining.mean": {
            "value": 1.0,
            "min": 1.0,
            "max": 1.0,
            "count": 25
        },
        "RocketCapabilities.IsTraining.sum": {
            "value": 1.0,
            "min": 1.0,
            "max": 1.0,
            "count": 25
        }
    },
    "metadata": {
        "timer_format_version": "0.1.0",
        "start_time_seconds": "1737759762",