{
    "name": "root",
    "gauges": {
        "RocketCapabilities.Policy.Entropy.mean": {
            "value": 0.5474836230278015,
            "min": 0.48320943117141724,
            "max": 0.5969338417053223,
            "count": 25
        },
        "RocketCapabilities.Policy.Entropy.sum": {
            "value": 10938.72265625,
            "min": 9799.7216796875,
            "max": 11906.2734375,
            "count": 25
        },
        "RocketCapabilities.Step.mean": {
            "value": 499962.0,
            "min": 19961.0,
            "max": 499962.0,
            "count": 25
        },
        "RocketCapabilities.Step.sum": {
            "value": 499962.0,
            "min": 19961.0,
            "max": 499962.0,
            "count": 25
        },
        "RocketCapabilities.Policy.ExtrinsicValueEstimate.mean": {
            "value": -1.0355592966079712,
            "min": -2.9479711055755615,
            "max": -0.6419103741645813,
            "count": 25
        },
        "RocketCapabilities.Policy.ExtrinsicValueEstimate.sum": {
            "value": -363.4813232421875,
            "min": -1012.509521484375,
            "max": -225.95245361328125,
            "count": 25
        },
        "RocketCapabilities.Policy.GailValueEstimate.mean": {
            "value": 10.219910621643066,
            "min": 9.587528228759766,
            "max": 15.554296493530273,
            "count": 25
        },
        "RocketCapabilities.Policy.GailValueEstimate.sum": {
            "value": 3587.1884765625,
            "min": 3307.697265625,
            "max": 5335.12353515625,
            "count": 25
        },
        "RocketCapabilities.Environment.EpisodeLength.mean": {
            "value": 183.57575757575756,
            "min": 139.0793650793651,
            "max": 515.2127659574468,
            "count": 25
        },
        "RocketCapabilities.Environment.EpisodeLength.sum": {
            "value": 12116.0,
            "min": 8762.0,
            "max": 29921.0,
            "count": 25
        },
        "RocketCapabilities.Environment.CumulativeReward.mean": {
            "value": -2.670947987360485,
            "min": -18.982552087925217,
            "max": -1.00444444422684,
            "count": 25
        },
        "RocketCapabilities.Environment.CumulativeReward.sum": {
            "value": -176.282567165792,
            "min": -968.0999440662563,
            "max": -63.27999998629093,
            "count": 25
        },
        "RocketCapabilities.Policy.ExtrinsicReward.mean": {
            "value": -2.670947987360485,
            "min": -18.982552087925217,
            "max": -1.00444444422684,
            "count": 25
        },
        "RocketCapabilities.Policy.ExtrinsicReward.sum": {
            "value": -176.282567165792,
            "min": -968.0999440662563,
            "max": -63.27999998629093,
            "count": 25
        },
        "RocketCapabilities.Policy.GailReward.mean": {
            "value": 31.28408740613271,
            "min": 30.4797408351844,
            "max": 95.48697481000241,
            "count": 25
        },
        "RocketCapabilities.Policy.GailReward.sum": {
            "value": 2064.749768804759,
            "min": 1676.385745935142,
            "max": 6530.657893000491,
            "count": 25
        },
        "RocketCapabilities.Losses.PolicyLoss.mean": {
            "value": 0.024590242126335697,
            "min": 0.020065663553153475,
            "max": 0.028109031620745857,
            "count": 25
        },
        "RocketCapabilities.Losses.PolicyLoss.sum": {
            "value": 0.049180484252671394,
            "min": 0.02166660293005407,
            "max": 0.056218063241491714,
            "count": 25
        },
        "RocketCapabilities.Losses.ValueLoss.mean": {
            "value": 4.2754520614941915,
            "min": 3.8193401654561363,
            "max": 26.498368628819783,
            "count": 25
        },
        "RocketCapabilities.Losses.ValueLoss.sum": {
            "value": 8.550904122988383,
            "min": 6.045771392186483,
            "max": 52.996737257639566,
            "count": 25
        },
        "RocketCapabilities.Policy.LearningRate.mean": {
            "value": 6.9702976766000115e-06,
            "min": 6.9702976766000115e-06,
            "max": 0.00029384520205160005,
            "count": 25
        },
        "RocketCapabilities.Policy.LearningRate.sum": {
            "value": 1.3940595353200023e-05,
            "min": 1.3940595353200023e-05,
            "max": 0.0005691834102721999,
            "count": 25
        },
        "RocketCapabilities.Policy.Epsilon.mean": {
            "value": 0.10232340000000001,
            "min": 0.10232340000000001,
            "max": 0.19794839999999994,
            "count": 25
        },
        "RocketCapabilities.Policy.Epsilon.sum": {
            "value": 0.20464680000000002,
            "min": 0.12596179999999996,
            "max": 0.38972780000000007,
            "count": 25
        },
        "RocketCapabilities.Policy.Beta.mean": {
            "value": 0.00012593766000000017,
            "min": 0.00012593766000000017,
            "max": 0.00489762516,
            "count": 25
        },
        "RocketCapabilities.Policy.Beta.sum": {
            "value": 0.00025187532000000033,
            "min": 0.00025187532000000033,
            "max": 0.009487417219999999,
            "count": 25
        },
        "RocketCapabilities.Policy.GAILPolicyEstimate.mean": {
            "value": 0.2760042433937391,
            "min": 0.257831717779239,
            "max": 0.3291718244552612,
            "count": 25
        },
        "RocketCapabilities.Policy.GAILPolicyEstimate.sum": {
            "value": 0.5520084867874782,
            "min": 0.26271930982669195,
            "max": 0.6157691498597463,
            "count": 25
        },
        "RocketCapabilities.Policy.GAILExpertEstimate.mean": {
            "value": 0.8136259913444519,
            "min": 0.756414133310318,
            "max": 0.8205140908559163,
            "count": 25
        },
        "RocketCapabilities.Policy.GAILExpertEstimate.sum": {
            "value": 1.6272519826889038,
            "min": 0.756414133310318,
            "max": 1.6298340121905008,
            "count": 25
        },
        "RocketCapabilities.Losses.GAILLoss.mean": {
            "value": 0.5670961787303288,
            "min": 0.5611791402101516,
            "max": 0.9916806618372599,
            "count": 25
        },
        "RocketCapabilities.Losses.GAILLoss.sum": {
            "value": 1.1341923574606576,
            "min": 0.563613365093867,
            "max": 1.324302327632904,
            "count": 25
        },
        "RocketCapabilities.Policy.GAILGradMagLoss.mean": {
            "value": 0.27458626901110017,
            "min": 0.25127240022023517,
            "max": 1.455351667602857,
            "count": 25
        },
        "RocketCapabilities.Policy.GAILGradMagLoss.sum": {
            "value": 0.5491725380222003,
            "min": 0.5025448004404703,
            "max": 1.455351667602857,
            "count": 25
        },
        "RocketCapabilities.Losses.PretrainingLoss.mean": {
            "value": 0.30365854501724243,
            "min": 0.2999907831350962,
            "max": 1.2730474869410198,
            "count": 25
        },
        "RocketCapabilities.Losses.PretrainingLoss.sum": {
            "value": 0.6073170900344849,
            "min": 0.31450124581654865,
            "max": 2.533900578816732,
            "count": 25
        },
        "RocketCapabilities.IsTraining.mean": {
            "value": 1.0,
            "min": 1.0,
            "max": 1.0,
            "count": 25
        },
        "RocketCapabilities.IsTraining.sum": {
            "value": 1.0,
            "min": 1.0,
            "max": 1.0,
            "count": 25
        }
    },
    "metadata": {
        "timer_format_version": "0.1.0",
        "start_time_seconds": "1739586992",