{
    "name": "root",
    "gauges": {
        "RocketCapabilities.Policy.Entropy.mean": {
            "value": 0.5187004804611206,
            "min": 0.5187004804611206,
            "max": 0.5823122262954712,
            "count": 25
        },
        "RocketCapabilities.Policy.Entropy.sum": {
            "value": 10125.5517578125,
            "min": 10125.5517578125,
            "max": 12256.275390625,
            "count": 25
        },
        "RocketCapabilities.Step.mean": {
            "value": 499943.0,
            "min": 19995.0,
            "max": 499943.0,
            "count": 25
        },
        "RocketCapabilities.Step.sum": {
            "value": 499943.0,
            "min": 19995.0,
            "max": 499943.0,
            "count": 25
        },
        "RocketCapabilities.Policy.ExtrinsicValueEstimate.mean": {
            "value": -0.4502686858177185,
            "min": -1.2086412906646729,
            "max": 2.046077013015747,
            "count": 25
        },
        "RocketCapabilities.Policy.ExtrinsicValueEstimate.sum": {
            "value": -169.301025390625,
            "min": -461.7009582519531,
            "max": 777.50927734375,
            "count": 25
        },
        "RocketCapabilities.Policy.GailValueEstimate.mean": {
            "value": 9.888442039489746,
            "min": 8.581121444702148,
            "max": 11.605518341064453,
            "count": 25
        },
        "RocketCapabilities.Policy.GailValueEstimate.sum": {
            "value": 3718.05419921875,
            "min": 3200.75830078125,
            "max": 4421.70263671875,
            "count": 25
        },
        "RocketCapabilities.Environment.EpisodeLength.mean": {
            "value": 132.2751677852349,
            "min": 132.2751677852349,
            "max": 138.6993006993007,
            "count": 25
        },
        "RocketCapabilities.Environment.EpisodeLength.sum": {
            "value": 19709.0,
            "min": 16925.0,
            "max": 20415.0,
            "count": 25
        },
        "RocketCapabilities.Environment.CumulativeReward.mean": {
            "value": -1.5250903074723363,
            "min": -1.5250903074723363,
            "max": 3.745022086059155,
            "count": 25
        },
        "RocketCapabilities.Environment.CumulativeReward.sum": {
            "value": -227.2384558133781,
            "min": -227.2384558133781,
            "max": 550.5182466506958,
            "count": 25
        },
        "RocketCapabilities.Policy.ExtrinsicReward.mean": {
            "value": -1.5250903074723363,
            "min": -1.5250903074723363,
            "max": 3.745022086059155,
            "count": 25
        },
        "RocketCapabilities.Policy.ExtrinsicReward.sum": {
            "value": -227.2384558133781,
            "min": -227.2384558133781,
            "max": 550.5182466506958,
            "count": 25
        },
        "RocketCapabilities.Policy.GailReward.mean": {
            "value": 30.9507729447128,
            "min": 26.2119958263541,
            "max": 54.56016220744342,
            "count": 25
        },
        "RocketCapabilities.Policy.GailReward.sum": {
            "value": 4611.665168762207,
            "min": 3302.711474120617,
            "max": 7965.783682286739,
            "count": 25
        },
        "RocketCapabilities.Losses.PolicyLoss.mean": {
            "value": 0.029398726004486283,
            "min": 0.020149744596953192,
            "max": 0.029934002303828797,
            "count": 25
        },
        "RocketCapabilities.Losses.PolicyLoss.sum": {
            "value": 0.058797452008972566,
            "min": 0.023180632293224333,
            "max": 0.058797452008972566,
            "count": 25
        },
        "RocketCapabilities.Losses.ValueLoss.mean": {
            "value": 3.277092397212982,
            "min": 2.6340144515037536,
            "max": 4.496053735415141,
            "count": 25
        },
        "RocketCapabilities.Losses.ValueLoss.sum": {
            "value": 6.554184794425964,
            "min": 2.6340144515037536,
            "max": 8.992107470830282,
            "count": 25
        },
        "RocketCapabilities.Policy.LearningRate.mean": {
            "value": 6.818497727199993e-06,
            "min": 6.818497727199993e-06,
            "max": 0.0002938536020488,
            "count": 25
        },
        "RocketCapabilities.Policy.LearningRate.sum": {
            "value": 1.3636995454399986e-05,
            "min": 1.3636995454399986e-05,
            "max": 0.0005691846102717999,
            "count": 25
        },
        "RocketCapabilities.Policy.Epsilon.mean": {
            "value": 0.10227280000000004,
            "min": 0.10227280000000004,
            "max": 0.19795120000000008,
            "count": 25
        },
        "RocketCapabilities.Policy.Epsilon.sum": {
            "value": 0.20454560000000008,
            "min": 0.13002879999999997,
            "max": 0.3897282000000001,
            "count": 25
        },
        "RocketCapabilities.Policy.Beta.mean": {
            "value": 0.00012341271999999988,
            "min": 0.00012341271999999988,
            "max": 0.004897764879999999,
            "count": 25
        },
        "RocketCapabilities.Policy.Beta.sum": {
            "value": 0.00024682543999999976,
            "min": 0.00024682543999999976,
            "max": 0.00948743718,
            "count": 25
        },
        "RocketCapabilities.Policy.GAILPolicyEstimate.mean": {
            "value": 0.3602606450517972,
            "min": 0.3447438031435013,
            "max": 0.4147864679495494,
            "count": 25
        },
        "RocketCapabilities.Policy.GAILPolicyEstimate.sum": {
            "value": 0.7205212901035944,
            "min": 0.35122438371181486,
            "max": 0.7421222383777301,
            "count": 25
        },
        "RocketCapabilities.Policy.GAILExpertEstimate.mean": {
            "value": 0.7316550383965175,
            "min": 0.7262511154015858,
            "max": 0.747699103752772,
            "count": 25
        },
        "RocketCapabilities.Policy.GAILExpertEstimate.sum": {
            "value": 1.463310076793035,
            "min": 0.7331757883230845,
            "max": 1.4854265411694845,
            "count": 25
        },
        "RocketCapabilities.Losses.GAILLoss.mean": {
            "value": 0.8636620124181111,
            "min": 0.8352361828088761,
            "max": 1.1955153167247772,
            "count": 25
        },
        "RocketCapabilities.Losses.GAILLoss.sum": {
            "value": 1.7273240248362223,
            "min": 0.851642499367396,
            "max": 1.870022608836492,
            "count": 25
        },
        "RocketCapabilities.Policy.GAILGradMagLoss.mean": {
            "value": 0.06899644670387109,
            "min": 0.06614134839425484,
            "max": 0.9311856766541798,
            "count": 25
        },
        "RocketCapabilities.Policy.GAILGradMagLoss.sum": {
            "value": 0.13799289340774218,
            "min": 0.0799320870389541,
            "max": 0.9311856766541798,
            "count": 25
        },
        "RocketCapabilities.Losses.PretrainingLoss.mean": {
            "value": 0.2677716710246526,
            "min": 0.2677716710246526,
            "max": 0.2894052281880226,
            "count": 25
        },
        "RocketCapabilities.Losses.PretrainingLoss.sum": {
            "value": 0.5355433420493052,
            "min": 0.2728322517986481,
            "max": 0.5788104563760452,
            "count": 25
        },
        "RocketCapabilities.IsTraining.mean": {
            "value": 1.0,
            "min": 1.0,
            "max": 1.0,
            "count": 25
        },
        "RocketCapabilities.IsTraining.sum": {
            "value": 1.0,
            "min": 1.0,
            "max": 1.0,
            "count": 25
        }
    },
    "metadata": {
        "timer_format_version": "0.1.0",
        "start_time_seconds": "1744429964",