{"count":1,"self":717.1892736,"total":717.782335,"children":{"InitializeActuators":{"count":1,"self":0.0015061999999999999,"total":0.0015061999999999999,"children":null},"InitializeSensors":{"count":1,"self":0.0010061999999999998,"total":0.0010061999999999998,"children":null},"AgentSendState":{"count":26800,"self":0.22927589999999998,"total":0.26799039999999996,"children":{"CollectObservations":{"count":5360,"self":0.020166399999999998,"total":0.020166399999999998,"children":null},"WriteActionMask":{"count":5360,"self":0.0071021,"total":0.0071021,"children":null},"RequestDecision":{"count":5360,"self":0.011446,"total":0.011446,"children":null}}},"DecideAction":{"count":26800,"self":0.11305799999999999,"total":0.11305799999999999,"children":null},"AgentAct":{"count":26800,"self":0.2094993,"total":0.2094993,"children":null}},"gauges":{"Rocket Capabilities.CumulativeReward":{"count":14,"max":18.9426727,"min":-6.219996,"runningAverage":0.14735958,"value":-1.26,"weightedAverage":-2.16002035}},"metadata":{"timer_format_version":"0.1.0","start_time_seconds":"1738990059","unity_version":"6000.0.25f1","command_line_arguments":"C:\\Program Files\\Unity\\Hub\\Editor\\6000.0.25f1\\Editor\\Unity.exe","communication_protocol_version":"1.5.0","com.unity.ml-agents_version":"3.0.0","scene_name":"RocketTraining","end_time_seconds":"1738990777"}}