{"count":1,"self":69.751263999999992,"total":70.484137199999992,"children":{"InitializeActuators":{"count":81,"self":0.0030158999999999997,"total":0.0030158999999999997,"children":null},"InitializeSensors":{"count":81,"self":0.0010123999999999999,"total":0.0010123999999999999,"children":null},"AgentSendState":{"count":3262,"self":0.0688757,"total":0.15293769999999998,"children":{"CollectObservations":{"count":52893,"self":0.039025899999999995,"total":0.039025899999999995,"children":null},"WriteActionMask":{"count":52893,"self":0.0189318,"total":0.0189318,"children":null},"RequestDecision":{"count":52893,"self":0.0261043,"total":0.0261043,"children":null}}},"DecideAction":{"count":3262,"self":0.16370379999999998,"total":0.16370379999999998,"children":null},"AgentAct":{"count":3262,"self":0.4122037,"total":0.4122037,"children":null}},"gauges":{"Rocket Capabilities.CumulativeReward":{"count":197,"max":22.19506,"min":-1.31999993,"runningAverage":17.0607738,"value":20.7388248,"weightedAverage":19.0723763}},"metadata":{"timer_format_version":"0.1.0","start_time_seconds":"1748059234","unity_version":"6000.0.25f1","command_line_arguments":"C:\\Program Files\\Unity\\Hub\\Editor\\6000.0.25f1\\Editor\\Unity.exe -projectpath C:\\Users\\ryanr\\OneDrive\\Documents\\GitHub\\rocketAiProject\\Rocket Ai Project -useHub -hubIPC -cloudEnvironment production","communication_protocol_version":"1.5.0","com.unity.ml-agents_version":"3.0.0","scene_name":"RocketTraining","end_time_seconds":"1748059305"}}