{"count":1,"self":53.3023488,"total":306.50053579999997,"children":{"InitializeActuators":{"count":54,"self":0.0015608,"total":0.0015608,"children":null},"InitializeSensors":{"count":54,"self":0.0010000999999999999,"total":0.0010000999999999999,"children":null},"AgentSendState":{"count":46467,"self":0.5680582,"total":2.6491347999999997,"children":{"CollectObservations":{"count":501876,"self":0.3475746,"total":0.3475746,"children":null},"WriteActionMask":{"count":501876,"self":0.12089659999999999,"total":0.12089659999999999,"children":null},"RequestDecision":{"count":501876,"self":0.5127033,"total":1.6126053999999999,"children":{"AgentInfo.ToProto":{"count":501876,"self":0.3782276,"total":1.0999021,"children":{"GenerateSensorData":{"count":501876,"self":0.7216745,"total":0.7216745,"children":null}}}}}}},"DecideAction":{"count":46467,"self":249.55095039999998,"total":249.5509573,"children":null},"AgentAct":{"count":46467,"self":0.97344979999999992,"total":0.97344979999999992,"children":null},"AgentInfo.ToProto":{"count":1164,"self":0.0066837999999999993,"total":0.022085499999999997,"children":{"GenerateSensorData":{"count":1164,"self":0.015401699999999999,"total":0.015401699999999999,"children":null}}}},"gauges":{"Rocket Capabilities.CumulativeReward":{"count":1164,"max":14.0408058,"min":-69.20633,"runningAverage":1.888029,"value":-1,"weightedAverage":5.0953455}},"metadata":{"timer_format_version":"0.1.0","start_time_seconds":"1737780848","unity_version":"6000.0.25f1","command_line_arguments":"C:\\Program Files\\Unity\\Hub\\Editor\\6000.0.25f1\\Editor\\Unity.exe","communication_protocol_version":"1.5.0","com.unity.ml-agents_version":"3.0.0","scene_name":"RocketTraining","end_time_seconds":"1737781154"}}