{"count":1,"self":44.819395199999995,"total":352.9927997,"children":{"InitializeActuators":{"count":81,"self":0.003023,"total":0.003023,"children":null},"InitializeSensors":{"count":81,"self":0.0009983,"total":0.0009983,"children":null},"AgentSendState":{"count":31051,"self":0.5046176,"total":2.4183934,"children":{"CollectObservations":{"count":503091,"self":0.2709216,"total":0.2709216,"children":null},"WriteActionMask":{"count":503091,"self":0.08441449999999999,"total":0.08441449999999999,"children":null},"RequestDecision":{"count":503091,"self":0.5017022,"total":1.5584396999999999,"children":{"AgentInfo.ToProto":{"count":503091,"self":0.3819247,"total":1.0567374999999999,"children":{"GenerateSensorData":{"count":503091,"self":0.6748128,"total":0.6748128,"children":null}}}}}}},"DecideAction":{"count":31051,"self":304.7293696,"total":304.72937279999996,"children":null},"AgentAct":{"count":31051,"self":0.9800627,"total":0.9800627,"children":null},"AgentInfo.ToProto":{"count":4209,"self":0.0141917,"total":0.0415542,"children":{"GenerateSensorData":{"count":4209,"self":0.027362499999999998,"total":0.027362499999999998,"children":null}}}},"gauges":{"Rocket Capabilities.CumulativeReward":{"count":4209,"max":21.3809185,"min":-57.40109,"runningAverage":-13.8532295,"value":-1.04,"weightedAverage":-9.029294}},"metadata":{"timer_format_version":"0.1.0","start_time_seconds":"1739595554","unity_version":"6000.0.25f1","command_line_arguments":"C:\\Program Files\\Unity\\Hub\\Editor\\6000.0.25f1\\Editor\\Unity.exe","communication_protocol_version":"1.5.0","com.unity.ml-agents_version":"3.0.0","scene_name":"RocketTraining","end_time_seconds":"1739595906"}}