{"count":1,"self":56.5201536,"total":371.73172569999997,"children":{"InitializeActuators":{"count":81,"self":0.0025380999999999997,"total":0.0025380999999999997,"children":null},"InitializeSensors":{"count":81,"self":0.001009,"total":0.001009,"children":null},"AgentSendState":{"count":31017,"self":0.5971504,"total":2.9669423999999998,"children":{"CollectObservations":{"count":502524,"self":0.40323309999999996,"total":0.40323309999999996,"children":null},"WriteActionMask":{"count":502524,"self":0.15976579999999999,"total":0.15976579999999999,"children":null},"RequestDecision":{"count":502524,"self":0.6173694,"total":1.8067931,"children":{"AgentInfo.ToProto":{"count":502524,"self":0.4218614,"total":1.1894236999999999,"children":{"GenerateSensorData":{"count":502524,"self":0.76756229999999992,"total":0.76756229999999992,"children":null}}}}}}},"DecideAction":{"count":31017,"self":311.38961919999997,"total":311.3896291,"children":null},"AgentAct":{"count":31017,"self":0.8086624,"total":0.8086624,"children":null},"AgentInfo.ToProto":{"count":3876,"self":0.0211345,"total":0.0427925,"children":{"GenerateSensorData":{"count":3876,"self":0.021658,"total":0.021658,"children":null}}}},"gauges":{"Rocket Capabilities.CumulativeReward":{"count":3876,"max":21.4014149,"min":-51.1209335,"runningAverage":-6.23072767,"value":-1.02,"weightedAverage":-3.46338558}},"metadata":{"timer_format_version":"0.1.0","start_time_seconds":"1740805095","unity_version":"6000.0.25f1","command_line_arguments":"C:\\Program Files\\Unity\\Hub\\Editor\\6000.0.25f1\\Editor\\Unity.exe -projectpath C:\\Users\\ryanr\\OneDrive\\Documents\\GitHub\\rocketAiProject\\Rocket Ai Project -useHub -hubIPC -cloudEnvironment production","communication_protocol_version":"1.5.0","com.unity.ml-agents_version":"3.0.0","scene_name":"RocketTraining","end_time_seconds":"1740805467"}}