{
    "name": "root",
    "gauges": {
        "RocketCapabilities.Policy.Entropy.mean": {
            "value": 0.7601184248924255,
            "min": 0.14870648086071014,
            "max": 0.815233588218689,
            "count": 25
        },
        "RocketCapabilities.Policy.Entropy.sum": {
            "value": 15392.3984375,
            "min": 3432.88916015625,
            "max": 16244.3447265625,
            "count": 25
        },
        "RocketCapabilities.Environment.EpisodeLength.mean": {
            "value": 228.1290322580645,
            "min": 0.8096615562626555,
            "max": 282.3835616438356,
            "count": 25
        },
        "RocketCapabilities.Environment.EpisodeLength.sum": {
            "value": 21216.0,
            "min": 8397.0,
            "max": 23364.0,
            "count": 25
        },
        "RocketCapabilities.Step.mean": {
            "value": 499993.0,
            "min": 19984.0,
            "max": 499993.0,
            "count": 25
        },
        "RocketCapabilities.Step.sum": {
            "value": 499993.0,
            "min": 19984.0,
            "max": 499993.0,
            "count": 25
        },
        "RocketCapabilities.Policy.ExtrinsicValueEstimate.mean": {
            "value": 1.1531280279159546,
            "min": -11.190722465515137,
            "max": 82.6292724609375,
            "count": 25
        },
        "RocketCapabilities.Policy.ExtrinsicValueEstimate.sum": {
            "value": 413.97296142578125,
            "min": -39947.0625,
            "max": 865293.75,
            "count": 25
        },
        "RocketCapabilities.Policy.GailValueEstimate.mean": {
            "value": 13.102940559387207,
            "min": 4.433212757110596,
            "max": 128.21621704101562,
            "count": 25
        },
        "RocketCapabilities.Policy.GailValueEstimate.sum": {
            "value": 4703.95556640625,
            "min": 4291.74951171875,
            "max": 1342680.25,
            "count": 25
        },
        "RocketCapabilities.Environment.CumulativeReward.mean": {
            "value": 2.6928909068466513,
            "min": -1.992128049335327,
            "max": 3.885691617494044,
            "count": 25
        },
        "RocketCapabilities.Environment.CumulativeReward.sum": {
            "value": 250.4388543367386,
            "min": -20660.359999656677,
            "max": 357.48362880945206,
            "count": 25
        },
        "RocketCapabilities.Policy.ExtrinsicReward.mean": {
            "value": 2.6928909068466513,
            "min": -1.992128049335327,
            "max": 3.885691617494044,
            "count": 25
        },
        "RocketCapabilities.Policy.ExtrinsicReward.sum": {
            "value": 250.4388543367386,
            "min": -20660.359999656677,
            "max": 357.48362880945206,
            "count": 25
        },
        "RocketCapabilities.Policy.GailReward.mean": {
            "value": 56.950005425240406,
            "min": 1.2874305679586278,
            "max": 88.584595102941,
            "count": 25
        },
        "RocketCapabilities.Policy.GailReward.sum": {
            "value": 5296.350504547358,
            "min": 4159.920478075743,
            "max": 45101.59004735947,
            "count": 25
        },
        "RocketCapabilities.Losses.PolicyLoss.mean": {
            "value": 0.02281141016477098,
            "min": 0.018516759163079162,
            "max": 0.04811538738043358,
            "count": 25
        },
        "RocketCapabilities.Losses.PolicyLoss.sum": {
            "value": 0.04562282032954196,
            "min": 0.023869733108828464,
            "max": 0.09623077476086717,
            "count": 25
        },
        "RocketCapabilities.Losses.ValueLoss.mean": {
            "value": 2.409701881806056,
            "min": 1.4472721020380657,
            "max": 1335.2860440254212,
            "count": 25
        },
        "RocketCapabilities.Losses.ValueLoss.sum": {
            "value": 4.819403763612112,
            "min": 1.4472721020380657,
            "max": 1335.2860440254212,
            "count": 25
        },
        "RocketCapabilities.Policy.LearningRate.mean": {
            "value": 6.15429794860001e-06,
            "min": 6.15429794860001e-06,
            "max": 0.0002938278020573999,
            "count": 25
        },
        "RocketCapabilities.Policy.LearningRate.sum": {
            "value": 1.230859589720002e-05,
            "min": 1.230859589720002e-05,
            "max": 0.0005691666102777999,
            "count": 25
        },
        "RocketCapabilities.Policy.Epsilon.mean": {
            "value": 0.10205140000000004,
            "min": 0.10205140000000004,
            "max": 0.19794260000000008,
            "count": 25
        },
        "RocketCapabilities.Policy.Epsilon.sum": {
            "value": 0.20410280000000008,
            "min": 0.1340366,
            "max": 0.38972220000000013,
            "count": 25
        },
        "RocketCapabilities.Policy.Beta.mean": {
            "value": 0.00011236486000000019,
            "min": 0.00011236486000000019,
            "max": 0.004897335740000001,
            "count": 25
        },
        "RocketCapabilities.Policy.Beta.sum": {
            "value": 0.00022472972000000039,
            "min": 0.00022472972000000039,
            "max": 0.009487137779999998,
            "count": 25
        },
        "RocketCapabilities.Policy.GAILPolicyEstimate.mean": {
            "value": 0.37455211679140726,
            "min": 0.22338927279536921,
            "max": 0.43011181106170016,
            "count": 25
        },
        "RocketCapabilities.Policy.GAILPolicyEstimate.sum": {
            "value": 0.7491042335828145,
            "min": 0.22338927279536921,
            "max": 0.8602236221234003,
            "count": 25
        },
        "RocketCapabilities.Policy.GAILExpertEstimate.mean": {
            "value": 0.6617423723141352,
            "min": 0.6211327036221822,
            "max": 0.733260131875674,
            "count": 25
        },
        "RocketCapabilities.Policy.GAILExpertEstimate.sum": {
            "value": 1.3234847446282705,
            "min": 0.6387607514858246,
            "max": 1.4529348194599152,
            "count": 25
        },
        "RocketCapabilities.Losses.GAILLoss.mean": {
            "value": 0.9390477468570073,
            "min": 0.7796370794375738,
            "max": 1.555735660592715,
            "count": 25
        },
        "RocketCapabilities.Losses.GAILLoss.sum": {
            "value": 1.8780954937140146,
            "min": 0.9623089492321014,
            "max": 3.11147132118543,
            "count": 25
        },
        "RocketCapabilities.Policy.GAILGradMagLoss.mean": {
            "value": 0.11233919101456802,
            "min": 0.10768603111306826,
            "max": 9.599358971913656,
            "count": 25
        },
        "RocketCapabilities.Policy.GAILGradMagLoss.sum": {
            "value": 0.22467838202913604,
            "min": 0.12208292186260224,
            "max": 18.828678321838378,
            "count": 25
        },
        "RocketCapabilities.Losses.PretrainingLoss.mean": {
            "value": 0.21211204429467517,
            "min": 0.21211204429467517,
            "max": 4.680780112743378,
            "count": 25
        },
        "RocketCapabilities.Losses.PretrainingLoss.sum": {
            "value": 0.42422408858935035,
            "min": 0.22328036775191626,
            "max": 4.680780112743378,
            "count": 25
        },
        "RocketCapabilities.IsTraining.mean": {
            "value": 1.0,
            "min": 1.0,
            "max": 1.0,
            "count": 25
        },
        "RocketCapabilities.IsTraining.sum": {
            "value": 1.0,
            "min": 1.0,
            "max": 1.0,
            "count": 25
        }
    },
    "metadata": {
        "timer_format_version": "0.1.0",
        "start_time_seconds": "1741405364",